1,0,1,2513,"Navigation",\N,\N
2,1,2,2513,"Österreich",\N,\N
3,2,3,183,"Burgenland",\N,\N
4,2,184,326,"Kärnten",\N,\N
5,2,327,925,"Niederösterreich",\N,\N
6,2,926,1389,"Oberösterreich",\N,\N
7,2,1390,1515,"Salzburg",\N,\N
8,2,1516,2076,"Steiermark",\N,\N
9,2,2077,2365,"Tirol",\N,\N
10,2,2366,2466,"Vorarlberg",\N,\N
11,2,2467,2513,"Wien",\N,\N
12,3,4,5,"Eisenstadt-Stadt",\N,\N
13,3,182,183,"Rust",\N,\N
14,3,6,29,"Eisenstadt-Umgebung",\N,\N
15,3,30,58,"Güssing",\N,\N
16,3,59,71,"Jennersdorf",\N,\N
17,3,72,91,"Mattersburg",\N,\N
18,3,92,119,"Neusiedl am See",\N,\N
19,3,120,148,"Oberpullendorf",\N,\N
20,3,149,181,"Oberwart",\N,\N
21,4,224,225,"Klagenfurt-Stadt",\N,\N
22,4,301,302,"Villach-Stadt",\N,\N
23,4,196,203,"Hermagor",\N,\N
24,4,204,223,"Klagenfurt-Land",\N,\N
25,4,226,246,"Sankt Veit an der Glan",\N,\N
26,4,247,280,"Spittal an der Drau",\N,\N
27,4,281,300,"Villach-Land",\N,\N
28,4,303,316,"Völkermarkt",\N,\N
29,4,317,326,"Wolfsberg",\N,\N
30,4,185,195,"Feldkirchen",\N,\N
31,5,548,549,"Krems an der Donau",\N,\N
32,5,740,741,"Sankt Pölten-Stadt",\N,\N
33,5,839,840,"Waidhofen an der Ybbs",\N,\N
34,5,899,900,"Wiener Neustadt-Stadt",\N,\N
35,5,328,362,"Amstetten",\N,\N
36,5,363,393,"Baden",\N,\N
37,5,394,414,"Bruck an der Leitha",\N,\N
38,5,437,481,"Gänserndorf",\N,\N
39,5,415,436,"Gmünd",\N,\N
40,5,482,506,"Hollabrunn",\N,\N
41,5,507,527,"Horn",\N,\N
42,5,528,547,"Korneuburg",\N,\N
43,5,550,580,"Krems an der Donau-Land",\N,\N
44,5,581,595,"Lilienfeld",\N,\N
45,5,596,636,"Melk",\N,\N
46,5,637,673,"Mistelbach",\N,\N
47,5,674,694,"Mödling",\N,\N
48,5,695,739,"Neunkirchen",\N,\N
49,5,742,781,"Sankt Pölten-Land",\N,\N
50,5,782,800,"Scheibbs",\N,\N
51,5,801,822,"Tulln",\N,\N
52,5,823,838,"Waidhofen an der Thaya",\N,\N
53,5,863,898,"Wiener Neustadt-Land",\N,\N
54,5,841,862,"Wien-Umgebung",\N,\N
55,5,901,925,"Zwettl",\N,\N
56,6,1095,1096,"Linz-Stadt",\N,\N
57,6,1258,1259,"Steyr-Stadt",\N,\N
58,6,1363,1364,"Wels-Stadt",\N,\N
59,6,927,973,"Braunau am Inn",\N,\N
60,6,974,986,"Eferding",\N,\N
61,6,987,1014,"Freistadt",\N,\N
62,6,1015,1035,"Gmunden",\N,\N
63,6,1036,1070,"Grieskirchen",\N,\N
64,6,1071,1094,"Kirchdorf an der Krems",\N,\N
65,6,1097,1119,"Linz-Land",\N,\N
66,6,1120,1146,"Perg",\N,\N
67,6,1147,1183,"Ried im Innkreis",\N,\N
68,6,1184,1226,"Rohrbach",\N,\N
69,6,1227,1257,"Schärding",\N,\N
70,6,1260,1281,"Steyr-Land",\N,\N
71,6,1282,1309,"Urfahr-Umgebung",\N,\N
72,6,1310,1362,"Vöcklabruck",\N,\N
73,6,1365,1389,"Wels-Land",\N,\N
74,7,1405,1406,"Salzburg-Stadt",\N,\N
75,7,1391,1404,"Hallein",\N,\N
76,7,1407,1444,"Salzburg-Umgebung",\N,\N
77,7,1445,1470,"Sankt Johann im Pongau",\N,\N
78,7,1471,1486,"Tamsweg",\N,\N
79,7,1487,1515,"Zell am See",\N,\N
80,8,1651,1652,"Graz-Stadt",\N,\N
81,8,1517,1538,"Bruck an der Mur",\N,\N
82,8,1539,1579,"Deutschlandsberg",\N,\N
83,8,1580,1635,"Feldbach",\N,\N
84,8,1636,1650,"Fürstenfeld",\N,\N
85,8,1653,1710,"Graz-Umgebung",\N,\N
86,8,1711,1761,"Hartberg",\N,\N
87,8,1762,1786,"Judenburg",\N,\N
88,8,1787,1801,"Knittelfeld",\N,\N
89,8,1802,1850,"Leibnitz",\N,\N
90,8,1851,1870,"Leoben",\N,\N
91,8,1871,1922,"Liezen",\N,\N
92,8,1959,1975,"Mürzzuschlag",\N,\N
93,8,1923,1958,"Murau",\N,\N
94,8,1976,1995,"Radkersburg",\N,\N
95,8,1996,2021,"Voitsberg",\N,\N
96,8,2022,2076,"Weiz",\N,\N
97,9,2169,2170,"Innsbruck-Stadt",\N,\N
98,9,2078,2102,"Imst",\N,\N
99,9,2103,2168,"Innsbruck-Land",\N,\N
100,9,2171,2191,"Kitzbühel",\N,\N
101,9,2192,2222,"Kufstein",\N,\N
102,9,2223,2253,"Landeck",\N,\N
103,9,2254,2287,"Lienz",\N,\N
104,9,2288,2325,"Reutte",\N,\N
105,9,2326,2365,"Schwaz",\N,\N
106,10,2367,2396,"Bludenz",\N,\N
107,10,2397,2437,"Bregenz",\N,\N
108,10,2438,2441,"Dornbirn",\N,\N
109,10,2442,2466,"Feldkirch",\N,\N
110,11,2468,2469,"Wien  1.,Innere Stadt",\N,\N
111,11,2470,2471,"Wien  2.,Leopoldstadt",\N,\N
112,11,2472,2473,"Wien  3.,Landstraße",\N,\N
113,11,2474,2475,"Wien  4.,Wieden",\N,\N
114,11,2476,2477,"Wien  5.,Margareten",\N,\N
115,11,2478,2479,"Wien  6.,Mariahilf",\N,\N
116,11,2480,2481,"Wien  7.,Neubau",\N,\N
117,11,2482,2483,"Wien  8.,Josefstadt",\N,\N
118,11,2484,2485,"Wien  9.,Alsergrund",\N,\N
119,11,2486,2487,"Wien 10.,Favoriten",\N,\N
120,11,2488,2489,"Wien 11.,Simmering",\N,\N
121,11,2490,2491,"Wien 12.,Meidling",\N,\N
122,11,2492,2493,"Wien 13.,Hietzing",\N,\N
123,11,2494,2495,"Wien 14.,Penzing",\N,\N
124,11,2496,2497,"Wien 15.,Rudolfsheim-Fünfhaus",\N,\N
125,11,2498,2499,"Wien 16.,Ottakring",\N,\N
126,11,2500,2501,"Wien 17.,Hernals",\N,\N
127,11,2502,2503,"Wien 18.,Währing",\N,\N
128,11,2504,2505,"Wien 19.,Döbling",\N,\N
129,11,2506,2507,"Wien 20.,Brigittenau",\N,\N
130,11,2508,2509,"Wien 21.,Floridsdorf",\N,\N
131,11,2510,2511,"Wien 22.,Donaustadt",\N,\N
132,11,2512,2513,"Wien 23.,Liesing",\N,\N
133,12,5,5,"Eisenstadt-Stadt",\N,\N
134,13,183,183,"Rust",\N,\N
135,14,7,7,"Breitenbrunn",\N,\N
136,14,8,8,"Donnerskirchen",\N,\N
137,14,9,9,"Großhöflein",\N,\N
138,14,10,10,"Hornstein",\N,\N
139,14,11,11,"Klingenbach",\N,\N
140,14,12,12,"Leithaprodersdorf",\N,\N
141,14,15,15,"Mörbisch am See",\N,\N
142,14,14,14,"Müllendorf",\N,\N
143,14,16,16,"Neufeld an der Leitha",\N,\N
144,14,17,17,"Oggau am Neusiedler See",\N,\N
145,14,18,18,"Oslip",\N,\N
146,14,19,19,"Purbach am Neusiedler See",\N,\N
147,14,20,20,"Sankt Margarethen im Burgenland",\N,\N
148,14,21,21,"Schützen am Gebirge",\N,\N
149,14,22,22,"Siegendorf",\N,\N
150,14,23,23,"Steinbrunn",\N,\N
151,14,25,25,"Trausdorf an der Wulka",\N,\N
152,14,26,26,"Wimpassing an der Leitha",\N,\N
153,14,27,27,"Wulkaprodersdorf",\N,\N
154,14,13,13,"Loretto",\N,\N
155,14,24,24,"Stotzing",\N,\N
156,14,29,29,"Zillingtal",\N,\N
157,14,28,28,"Zagersdorf",\N,\N
158,15,32,32,"Bocksdorf",\N,\N
159,15,33,33,"Burgauberg-Neudauberg",\N,\N
160,15,34,34,"Eberau",\N,\N
161,15,35,35,"Gerersdorf-Sulz",\N,\N
162,15,37,37,"Güssing",\N,\N
163,15,38,38,"Güttenbach",\N,\N
164,15,40,40,"Heiligenbrunn",\N,\N
165,15,44,44,"Kukmirn",\N,\N
166,15,46,46,"Neuberg im Burgenland",\N,\N
167,15,47,47,"Neustift bei Güssing",\N,\N
168,15,48,48,"Olbendorf",\N,\N
169,15,49,49,"Ollersdorf im Burgenland",\N,\N
170,15,52,52,"Sankt Michael im Burgenland",\N,\N
171,15,53,53,"Stegersbach",\N,\N
172,15,54,54,"Stinatz",\N,\N
173,15,55,55,"Strem",\N,\N
174,15,56,56,"Tobaj",\N,\N
175,15,39,39,"Hackerberg",\N,\N
176,15,58,58,"Wörterberg",\N,\N
177,15,36,36,"Großmürbisch",\N,\N
178,15,42,42,"Inzenhof",\N,\N
179,15,43,43,"Kleinmürbisch",\N,\N
180,15,57,57,"Tschanigraben",\N,\N
181,15,41,41,"Heugraben",\N,\N
182,15,51,51,"Rohr im Burgenland",\N,\N
183,15,31,31,"Bildein",\N,\N
184,15,50,50,"Rauchwart",\N,\N
185,15,45,45,"Moschendorf",\N,\N
186,16,60,60,"Deutsch Kaltenbrunn",\N,\N
187,16,61,61,"Eltendorf",\N,\N
188,16,62,62,"Heiligenkreuz im Lafnitztal",\N,\N
189,16,63,63,"Jennersdorf",\N,\N
190,16,65,65,"Minihof-Liebau",\N,\N
191,16,66,66,"Mogersdorf",\N,\N
192,16,68,68,"Neuhaus am Klausenbach",\N,\N
193,16,69,69,"Rudersdorf",\N,\N
194,16,70,70,"Sankt Martin an der Raab",\N,\N
195,16,71,71,"Weichselbaum",\N,\N
196,16,64,64,"Königsdorf",\N,\N
197,16,67,67,"Mühlgraben",\N,\N
198,17,76,76,"Draßburg",\N,\N
199,17,77,77,"Forchtenstein",\N,\N
200,17,78,78,"Hirm",\N,\N
201,17,80,80,"Loipersbach im Burgenland",\N,\N
202,17,81,81,"Marz",\N,\N
203,17,82,82,"Mattersburg",\N,\N
204,17,83,83,"Neudörfl",\N,\N
205,17,84,84,"Pöttelsdorf",\N,\N
206,17,85,85,"Pöttsching",\N,\N
207,17,86,86,"Rohrbach bei Mattersburg",\N,\N
208,17,74,74,"Bad Sauerbrunn",\N,\N
209,17,87,87,"Schattendorf",\N,\N
210,17,88,88,"Sieggraben",\N,\N
211,17,89,89,"Sigleß",\N,\N
212,17,90,90,"Wiesen",\N,\N
213,17,73,73,"Antau",\N,\N
214,17,75,75,"Baumgarten",\N,\N
215,17,91,91,"Zemendorf-Stöttera",\N,\N
216,17,79,79,"Krensdorf",\N,\N
217,18,93,93,"Andau",\N,\N
218,18,94,94,"Apetlon",\N,\N
219,18,95,95,"Bruckneudorf",\N,\N
220,18,96,96,"Deutsch Jahrndorf",\N,\N
221,18,98,98,"Frauenkirchen",\N,\N
222,18,99,99,"Gattendorf",\N,\N
223,18,100,100,"Gols",\N,\N
224,18,101,101,"Halbturn",\N,\N
225,18,102,102,"Illmitz",\N,\N
226,18,103,103,"Jois",\N,\N
227,18,104,104,"Kittsee",\N,\N
228,18,105,105,"Mönchhof",\N,\N
229,18,107,107,"Neusiedl am See",\N,\N
230,18,108,108,"Nickelsdorf",\N,\N
231,18,109,109,"Pama",\N,\N
232,18,110,110,"Pamhagen",\N,\N
233,18,111,111,"Parndorf",\N,\N
234,18,112,112,"Podersdorf am See",\N,\N
235,18,114,114,"Sankt Andrä am Zicksee",\N,\N
236,18,115,115,"Tadten",\N,\N
237,18,116,116,"Wallern im Burgenland",\N,\N
238,18,117,117,"Weiden am See",\N,\N
239,18,118,118,"Winden am See",\N,\N
240,18,119,119,"Zurndorf",\N,\N
241,18,106,106,"Neudorf",\N,\N
242,18,113,113,"Potzneusiedl",\N,\N
243,18,97,97,"Edelstal",\N,\N
244,19,121,121,"Deutschkreutz",\N,\N
245,19,122,122,"Draßmarkt",\N,\N
246,19,123,123,"Frankenau-Unterpullendorf",\N,\N
247,19,124,124,"Großwarasdorf",\N,\N
248,19,125,125,"Horitschon",\N,\N
249,19,126,126,"Kaisersdorf",\N,\N
250,19,127,127,"Kobersdorf",\N,\N
251,19,128,128,"Lackenbach",\N,\N
252,19,130,130,"Lockenhaus",\N,\N
253,19,131,131,"Lutzmannsburg",\N,\N
254,19,132,132,"Mannersdorf an der Rabnitz",\N,\N
255,19,133,133,"Markt Sankt Martin",\N,\N
256,19,134,134,"Neckenmarkt",\N,\N
257,19,135,135,"Neutal",\N,\N
258,19,136,136,"Nikitsch",\N,\N
259,19,138,138,"Oberpullendorf",\N,\N
260,19,139,139,"Pilgersdorf",\N,\N
261,19,140,140,"Piringsdorf",\N,\N
262,19,141,141,"Raiding",\N,\N
263,19,142,142,"Ritzing",\N,\N
264,19,143,143,"Steinberg-Dörfl",\N,\N
265,19,144,144,"Stoob",\N,\N
266,19,148,148,"Weppersdorf",\N,\N
267,19,129,129,"Lackendorf",\N,\N
268,19,145,145,"Unterfrauenhaid",\N,\N
269,19,146,146,"Unterrabnitz-Schwendgraben",\N,\N
270,19,147,147,"Weingraben",\N,\N
271,19,137,137,"Oberloisdorf",\N,\N
272,20,150,150,"Bad Tatzmannsdorf",\N,\N
273,20,152,152,"Bernstein",\N,\N
274,20,153,153,"Deutsch Schützen-Eisenberg",\N,\N
275,20,154,154,"Grafenschachen",\N,\N
276,20,155,155,"Großpetersdorf",\N,\N
277,20,156,156,"Hannersdorf",\N,\N
278,20,158,158,"Kemeten",\N,\N
279,20,159,159,"Kohfidisch",\N,\N
280,20,160,160,"Litzelsdorf",\N,\N
281,20,161,161,"Loipersdorf-Kitzladen",\N,\N
282,20,162,162,"Mariasdorf",\N,\N
283,20,163,163,"Markt Allhau",\N,\N
284,20,164,164,"Markt Neuhodis",\N,\N
285,20,165,165,"Mischendorf",\N,\N
286,20,167,167,"Oberdorf im Burgenland",\N,\N
287,20,168,168,"Oberschützen",\N,\N
288,20,169,169,"Oberwart",\N,\N
289,20,170,170,"Pinkafeld",\N,\N
290,20,171,171,"Rechnitz",\N,\N
291,20,172,172,"Riedlingsdorf",\N,\N
292,20,173,173,"Rotenturm an der Pinka",\N,\N
293,20,174,174,"Schachendorf",\N,\N
294,20,176,176,"Stadtschlaining",\N,\N
295,20,177,177,"Unterkohlstätten",\N,\N
296,20,178,178,"Unterwart",\N,\N
297,20,179,179,"Weiden bei Rechnitz",\N,\N
298,20,180,180,"Wiesfleck",\N,\N
299,20,181,181,"Wolfau",\N,\N
300,20,166,166,"Neustift an der Lafnitz",\N,\N
301,20,157,157,"Jabing",\N,\N
302,20,151,151,"Badersdorf",\N,\N
303,20,175,175,"Schandorf",\N,\N
304,21,225,225,"Klagenfurt-Stadt",\N,\N
305,22,302,302,"Villach-Stadt",\N,\N
306,23,197,197,"Dellach",\N,\N
307,23,199,199,"Hermagor-Pressegger See",\N,\N
308,23,200,200,"Kirchbach",\N,\N
309,23,201,201,"Kötschach-Mauthen",\N,\N
310,23,203,203,"Sankt Stefan im Gailtal",\N,\N
311,23,198,198,"Gitschtal",\N,\N
312,23,202,202,"Lesachtal",\N,\N
313,24,205,205,"Ebenthal in Kärnten",\N,\N
314,24,206,206,"Feistritz im Rosental",\N,\N
315,24,207,207,"Ferlach",\N,\N
316,24,208,208,"Grafenstein",\N,\N
317,24,209,209,"Keutschach am See",\N,\N
318,24,211,211,"Köttmannsdorf",\N,\N
319,24,210,210,"Krumpendorf am Wörther See",\N,\N
320,24,212,212,"Ludmannsdorf",\N,\N
321,24,214,214,"Maria Rain",\N,\N
322,24,215,215,"Maria Saal",\N,\N
323,24,216,216,"Maria Wörth",\N,\N
324,24,217,217,"Moosburg",\N,\N
325,24,219,219,"Pörtschach am Wörther See",\N,\N
326,24,218,218,"Poggersdorf",\N,\N
327,24,220,220,"Sankt Margareten im Rosental",\N,\N
328,24,221,221,"Schiefling am See",\N,\N
329,24,222,222,"Techelsberg am Wörther See",\N,\N
330,24,223,223,"Zell",\N,\N
331,24,213,213,"Magdalensberg",\N,\N
332,25,227,227,"Althofen",\N,\N
333,25,228,228,"Brückl",\N,\N
334,25,229,229,"Deutsch-Griffen",\N,\N
335,25,230,230,"Eberstein",\N,\N
336,25,232,232,"Friesach",\N,\N
337,25,233,233,"Glödnitz",\N,\N
338,25,234,234,"Gurk",\N,\N
339,25,235,235,"Guttaring",\N,\N
340,25,236,236,"Hüttenberg",\N,\N
341,25,237,237,"Kappel am Krappfeld",\N,\N
342,25,238,238,"Klein Sankt Paul",\N,\N
343,25,239,239,"Liebenfels",\N,\N
344,25,240,240,"Metnitz",\N,\N
345,25,241,241,"Micheldorf",\N,\N
346,25,242,242,"Mölbling",\N,\N
347,25,243,243,"Sankt Georgen am Längsee",\N,\N
348,25,244,244,"Sankt Veit an der Glan",\N,\N
349,25,245,245,"Straßburg",\N,\N
350,25,246,246,"Weitensfeld im Gurktal",\N,\N
351,25,231,231,"Frauenstein",\N,\N
352,26,248,248,"Bad Kleinkirchheim",\N,\N
353,26,249,249,"Baldramsdorf",\N,\N
354,26,250,250,"Berg im Drautal",\N,\N
355,26,251,251,"Dellach im Drautal",\N,\N
356,26,255,255,"Großkirchheim",\N,\N
357,26,252,252,"Flattach",\N,\N
358,26,253,253,"Gmünd in Kärnten",\N,\N
359,26,254,254,"Greifenburg",\N,\N
360,26,256,256,"Heiligenblut",\N,\N
361,26,257,257,"Irschen",\N,\N
362,26,258,258,"Kleblach-Lind",\N,\N
363,26,260,260,"Lendorf",\N,\N
364,26,262,262,"Mallnitz",\N,\N
365,26,263,263,"Malta",\N,\N
366,26,264,264,"Millstatt",\N,\N
367,26,266,266,"Mörtschach",\N,\N
368,26,265,265,"Mühldorf",\N,\N
369,26,267,267,"Oberdrauburg",\N,\N
370,26,268,268,"Obervellach",\N,\N
371,26,269,269,"Radenthein",\N,\N
372,26,270,270,"Rangersdorf",\N,\N
373,26,272,272,"Rennweg am Katschberg",\N,\N
374,26,273,273,"Sachsenburg",\N,\N
375,26,274,274,"Seeboden",\N,\N
376,26,275,275,"Spittal an der Drau",\N,\N
377,26,276,276,"Stall",\N,\N
378,26,277,277,"Steinfeld",\N,\N
379,26,278,278,"Trebesing",\N,\N
380,26,279,279,"Weißensee",\N,\N
381,26,280,280,"Winklern",\N,\N
382,26,259,259,"Krems in Kärnten",\N,\N
383,26,261,261,"Lurnfeld",\N,\N
384,26,271,271,"Reißeck",\N,\N
385,27,282,282,"Afritz am See",\N,\N
386,27,283,283,"Arnoldstein",\N,\N
387,27,284,284,"Arriach",\N,\N
388,27,285,285,"Bad Bleiberg",\N,\N
389,27,286,286,"Feistritz an der Gail",\N,\N
390,27,287,287,"Feld am See",\N,\N
391,27,288,288,"Ferndorf",\N,\N
392,27,289,289,"Finkenstein am Faaker See",\N,\N
393,27,290,290,"Fresach",\N,\N
394,27,291,291,"Hohenthurn",\N,\N
395,27,292,292,"Nötsch im Gailtal",\N,\N
396,27,293,293,"Paternion",\N,\N
397,27,294,294,"Rosegg",\N,\N
398,27,295,295,"Sankt Jakob im Rosental",\N,\N
399,27,296,296,"Stockenboi",\N,\N
400,27,297,297,"Treffen",\N,\N
401,27,298,298,"Velden am Wörther See",\N,\N
402,27,299,299,"Weißenstein",\N,\N
403,27,300,300,"Wernberg",\N,\N
404,28,304,304,"Bleiburg",\N,\N
405,28,305,305,"Diex",\N,\N
406,28,306,306,"Eberndorf",\N,\N
407,28,307,307,"Eisenkappel-Vellach",\N,\N
408,28,308,308,"Feistritz ob Bleiburg",\N,\N
409,28,309,309,"Gallizien",\N,\N
410,28,310,310,"Globasnitz",\N,\N
411,28,311,311,"Griffen",\N,\N
412,28,312,312,"Neuhaus",\N,\N
413,28,313,313,"Ruden",\N,\N
414,28,314,314,"Sankt Kanzian am Klopeiner See",\N,\N
415,28,315,315,"Sittersdorf",\N,\N
416,28,316,316,"Völkermarkt",\N,\N
417,29,318,318,"Bad Sankt Leonhard im Lavanttal",\N,\N
418,29,319,319,"Frantschach-Sankt Gertraud",\N,\N
419,29,320,320,"Lavamünd",\N,\N
420,29,321,321,"Preitenegg",\N,\N
421,29,322,322,"Reichenfels",\N,\N
422,29,323,323,"Sankt Andrä",\N,\N
423,29,324,324,"Sankt Georgen im Lavanttal",\N,\N
424,29,325,325,"Sankt Paul im Lavanttal",\N,\N
425,29,326,326,"Wolfsberg",\N,\N
426,30,186,186,"Albeck",\N,\N
427,30,187,187,"Feldkirchen in Kärnten",\N,\N
428,30,188,188,"Glanegg",\N,\N
429,30,189,189,"Gnesau",\N,\N
430,30,190,190,"Himmelberg",\N,\N
431,30,191,191,"Ossiach",\N,\N
432,30,192,192,"Reichenau",\N,\N
433,30,193,193,"Sankt Urban",\N,\N
434,30,194,194,"Steindorf am Ossiacher See",\N,\N
435,30,195,195,"Steuerberg",\N,\N
436,31,549,549,"Krems an der Donau",\N,\N
437,32,741,741,"Sankt Pölten-Stadt",\N,\N
438,33,840,840,"Waidhofen an der Ybbs",\N,\N
439,34,900,900,"Wiener Neustadt-Stadt",\N,\N
440,35,329,329,"Allhartsberg",\N,\N
441,35,330,330,"Amstetten",\N,\N
442,35,331,331,"Ardagger",\N,\N
443,35,332,332,"Aschbach-Markt",\N,\N
444,35,333,333,"Behamberg",\N,\N
445,35,334,334,"Biberbach",\N,\N
446,35,335,335,"Ennsdorf",\N,\N
447,35,336,336,"Ernsthofen",\N,\N
448,35,337,337,"Ertl",\N,\N
449,35,338,338,"Euratsfeld",\N,\N
450,35,339,339,"Ferschnitz",\N,\N
451,35,340,340,"Haag",\N,\N
452,35,341,341,"Haidershofen",\N,\N
453,35,342,342,"Hollenstein an der Ybbs",\N,\N
454,35,343,343,"Kematen an der Ybbs",\N,\N
455,35,344,344,"Neuhofen an der Ybbs",\N,\N
456,35,345,345,"Neustadtl an der Donau",\N,\N
457,35,346,346,"Oed-Oehling",\N,\N
458,35,347,347,"Opponitz",\N,\N
459,35,348,348,"Sankt Georgen am Reith",\N,\N
460,35,349,349,"Sankt Georgen am Ybbsfelde",\N,\N
461,35,350,350,"Sankt Pantaleon-Erla",\N,\N
462,35,351,351,"Sankt Peter in der Au",\N,\N
463,35,352,352,"Sankt Valentin",\N,\N
464,35,353,353,"Seitenstetten",\N,\N
465,35,354,354,"Sonntagberg",\N,\N
466,35,355,355,"Strengberg",\N,\N
467,35,356,356,"Viehdorf",\N,\N
468,35,357,357,"Wallsee-Sindelburg",\N,\N
469,35,358,358,"Weistrach",\N,\N
470,35,359,359,"Winklarn",\N,\N
471,35,360,360,"Wolfsbach",\N,\N
472,35,361,361,"Ybbsitz",\N,\N
473,35,362,362,"Zeillern",\N,\N
474,36,364,364,"Alland",\N,\N
475,36,365,365,"Altenmarkt an der Triesting",\N,\N
476,36,366,366,"Bad Vöslau",\N,\N
477,36,367,367,"Baden",\N,\N
478,36,368,368,"Berndorf",\N,\N
479,36,370,370,"Ebreichsdorf",\N,\N
480,36,371,371,"Enzesfeld-Lindabrunn",\N,\N
481,36,372,372,"Furth an der Triesting",\N,\N
482,36,373,373,"Günselsdorf",\N,\N
483,36,374,374,"Heiligenkreuz",\N,\N
484,36,375,375,"Hernstein",\N,\N
485,36,376,376,"Hirtenberg",\N,\N
486,36,377,377,"Klausen-Leopoldsdorf",\N,\N
487,36,378,378,"Kottingbrunn",\N,\N
488,36,379,379,"Leobersdorf",\N,\N
489,36,380,380,"Mitterndorf an der Fischa",\N,\N
490,36,381,381,"Oberwaltersdorf",\N,\N
491,36,382,382,"Pfaffstätten",\N,\N
492,36,383,383,"Pottendorf",\N,\N
493,36,384,384,"Pottenstein",\N,\N
494,36,385,385,"Reisenberg",\N,\N
495,36,386,386,"Schönau an der Triesting",\N,\N
496,36,387,387,"Seibersdorf",\N,\N
497,36,388,388,"Sooß",\N,\N
498,36,389,389,"Tattendorf",\N,\N
499,36,390,390,"Teesdorf",\N,\N
500,36,391,391,"Traiskirchen",\N,\N
501,36,392,392,"Trumau",\N,\N
502,36,393,393,"Weissenbach an der Triesting",\N,\N
503,36,369,369,"Blumau-Neurißhof",\N,\N
504,37,395,395,"Au am Leithaberge",\N,\N
505,37,396,396,"Bad Deutsch-Altenburg",\N,\N
506,37,397,397,"Berg",\N,\N
507,37,398,398,"Bruck an der Leitha",\N,\N
508,37,399,399,"Enzersdorf an der Fischa",\N,\N
509,37,400,400,"Göttlesbrunn-Arbesthal",\N,\N
510,37,401,401,"Götzendorf an der Leitha",\N,\N
511,37,402,402,"Hainburg a.d. Donau",\N,\N
512,37,403,403,"Haslau-Maria Ellend",\N,\N
513,37,406,406,"Höflein",\N,\N
514,37,404,404,"Hof am Leithaberge",\N,\N
515,37,405,405,"Hundsheim",\N,\N
516,37,407,407,"Mannersdorf am Leithagebirge",\N,\N
517,37,408,408,"Petronell-Carnuntum",\N,\N
518,37,409,409,"Prellenkirchen",\N,\N
519,37,410,410,"Rohrau",\N,\N
520,37,411,411,"Scharndorf",\N,\N
521,37,412,412,"Sommerein",\N,\N
522,37,413,413,"Trautmannsdorf an der Leitha",\N,\N
523,37,414,414,"Wolfsthal",\N,\N
524,38,438,438,"Aderklaa",\N,\N
525,38,439,439,"Andlersdorf",\N,\N
526,38,440,440,"Angern an der March",\N,\N
527,38,441,441,"Auersthal",\N,\N
528,38,442,442,"Bad Pirawarth",\N,\N
529,38,443,443,"Deutsch-Wagram",\N,\N
530,38,444,444,"Drösing",\N,\N
531,38,445,445,"Dürnkrut",\N,\N
532,38,446,446,"Ebenthal",\N,\N
533,38,447,447,"Eckartsau",\N,\N
534,38,448,448,"Engelhartstetten",\N,\N
535,38,453,453,"Gänserndorf",\N,\N
536,38,449,449,"Glinzendorf",\N,\N
537,38,450,450,"Groß-Enzersdorf",\N,\N
538,38,452,452,"Großhofen",\N,\N
539,38,451,451,"Groß-Schweinbarth",\N,\N
540,38,454,454,"Haringsee",\N,\N
541,38,455,455,"Hauskirchen",\N,\N
542,38,456,456,"Hohenau an der March",\N,\N
543,38,457,457,"Hohenruppersdorf",\N,\N
544,38,458,458,"Jedenspeigen",\N,\N
545,38,459,459,"Lassee",\N,\N
546,38,460,460,"Leopoldsdorf im Marchfelde",\N,\N
547,38,461,461,"Mannsdorf an der Donau",\N,\N
548,38,462,462,"Marchegg",\N,\N
549,38,463,463,"Markgrafneusiedl",\N,\N
550,38,464,464,"Matzen-Raggendorf",\N,\N
551,38,465,465,"Neusiedl an der Zaya",\N,\N
552,38,466,466,"Obersiebenbrunn",\N,\N
553,38,467,467,"Orth an der Donau",\N,\N
554,38,468,468,"Palterndorf-Dobermannsdorf",\N,\N
555,38,469,469,"Parbasdorf",\N,\N
556,38,470,470,"Prottes",\N,\N
557,38,471,471,"Raasdorf",\N,\N
558,38,472,472,"Ringelsdorf-Niederabsdorf",\N,\N
559,38,473,473,"Schönkirchen-Reyersdorf",\N,\N
560,38,474,474,"Spannberg",\N,\N
561,38,475,475,"Strasshof an der Nordbahn",\N,\N
562,38,476,476,"Sulz im Weinviertel",\N,\N
563,38,477,477,"Untersiebenbrunn",\N,\N
564,38,478,478,"Velm-Götzendorf",\N,\N
565,38,480,480,"Weikendorf",\N,\N
566,38,481,481,"Zistersdorf",\N,\N
567,38,479,479,"Weiden an der March",\N,\N
568,39,416,416,"Amaliendorf-Aalfang",\N,\N
569,39,418,418,"Brand-Nagelberg",\N,\N
570,39,419,419,"Eggern",\N,\N
571,39,420,420,"Eisgarn",\N,\N
572,39,421,421,"Gmünd",\N,\N
573,39,422,422,"Großdietmanns",\N,\N
574,39,417,417,"Bad Großpertholz",\N,\N
575,39,423,423,"Großschönau",\N,\N
576,39,430,430,"Moorbad Harbach",\N,\N
577,39,424,424,"Haugschlag",\N,\N
578,39,425,425,"Heidenreichstein",\N,\N
579,39,426,426,"Hirschbach",\N,\N
580,39,427,427,"Hoheneich",\N,\N
581,39,428,428,"Kirchberg am Walde",\N,\N
582,39,429,429,"Litschau",\N,\N
583,39,431,431,"Reingers",\N,\N
584,39,432,432,"Sankt Martin",\N,\N
585,39,433,433,"Schrems",\N,\N
586,39,434,434,"Unserfrau-Altweitra",\N,\N
587,39,435,435,"Waldenstein",\N,\N
588,39,436,436,"Weitra",\N,\N
589,40,483,483,"Alberndorf im Pulkautal",\N,\N
590,40,486,486,"Göllersdorf",\N,\N
591,40,484,484,"Grabern",\N,\N
592,40,485,485,"Guntersdorf",\N,\N
593,40,487,487,"Hadres",\N,\N
594,40,488,488,"Hardegg",\N,\N
595,40,489,489,"Haugsdorf",\N,\N
596,40,490,490,"Heldenberg",\N,\N
597,40,491,491,"Hohenwarth-Mühlbach a.M.",\N,\N
598,40,492,492,"Hollabrunn",\N,\N
599,40,493,493,"Mailberg",\N,\N
600,40,494,494,"Maissau",\N,\N
601,40,495,495,"Nappersdorf-Kammersdorf",\N,\N
602,40,496,496,"Pernersdorf",\N,\N
603,40,497,497,"Pulkau",\N,\N
604,40,498,498,"Ravelsbach",\N,\N
605,40,499,499,"Retz",\N,\N
606,40,500,500,"Retzbach",\N,\N
607,40,501,501,"Schrattenthal",\N,\N
608,40,502,502,"Seefeld-Kadolz",\N,\N
609,40,503,503,"Sitzendorf an der Schmida",\N,\N
610,40,504,504,"Wullersdorf",\N,\N
611,40,505,505,"Zellerndorf",\N,\N
612,40,506,506,"Ziersdorf",\N,\N
613,41,508,508,"Altenburg",\N,\N
614,41,509,509,"Brunn an der Wild",\N,\N
615,41,510,510,"Burgschleinitz-Kühnring",\N,\N
616,41,511,511,"Drosendorf-Zissersdorf",\N,\N
617,41,512,512,"Eggenburg",\N,\N
618,41,513,513,"Gars am Kamp",\N,\N
619,41,514,514,"Geras",\N,\N
620,41,515,515,"Horn",\N,\N
621,41,516,516,"Irnfritz-Messern",\N,\N
622,41,517,517,"Japons",\N,\N
623,41,518,518,"Langau",\N,\N
624,41,519,519,"Meiseldorf",\N,\N
625,41,520,520,"Pernegg",\N,\N
626,41,522,522,"Röhrenbach",\N,\N
627,41,523,523,"Röschitz",\N,\N
628,41,521,521,"Rosenburg-Mold",\N,\N
629,41,524,524,"Sankt Bernhard-Frauenhofen",\N,\N
630,41,525,525,"Sigmundsherberg",\N,\N
631,41,527,527,"Weitersfeld",\N,\N
632,41,526,526,"Straning-Grafenberg",\N,\N
633,42,529,529,"Bisamberg",\N,\N
634,42,530,530,"Enzersfeld",\N,\N
635,42,531,531,"Ernstbrunn",\N,\N
636,42,532,532,"Großmugl",\N,\N
637,42,533,533,"Großrußbach",\N,\N
638,42,534,534,"Hagenbrunn",\N,\N
639,42,535,535,"Harmannsdorf",\N,\N
640,42,536,536,"Hausleiten",\N,\N
641,42,537,537,"Korneuburg",\N,\N
642,42,538,538,"Langenzersdorf",\N,\N
643,42,539,539,"Leitzersdorf",\N,\N
644,42,540,540,"Leobendorf",\N,\N
645,42,542,542,"Rußbach",\N,\N
646,42,543,543,"Sierndorf",\N,\N
647,42,544,544,"Spillern",\N,\N
648,42,545,545,"Stetteldorf am Wagram",\N,\N
649,42,546,546,"Stetten",\N,\N
650,42,547,547,"Stockerau",\N,\N
651,42,541,541,"Niederhollabrunn",\N,\N
652,43,551,551,"Aggsbach",\N,\N
653,43,552,552,"Albrechtsberg an der Großen Krems",\N,\N
654,43,553,553,"Bergern im Dunkelsteinerwald",\N,\N
655,43,555,555,"Dürnstein",\N,\N
656,43,556,556,"Etsdorf-Haitzendorf",\N,\N
657,43,557,557,"Furth bei Göttweig",\N,\N
658,43,558,558,"Gedersdorf",\N,\N
659,43,559,559,"Gföhl",\N,\N
660,43,560,560,"Hadersdorf-Kammern",\N,\N
661,43,561,561,"Jaidhof",\N,\N
662,43,562,562,"Krumau am Kamp",\N,\N
663,43,563,563,"Langenlois",\N,\N
664,43,564,564,"Lengenfeld",\N,\N
665,43,565,565,"Lichtenau im Waldviertel",\N,\N
666,43,566,566,"Maria Laach am Jauerling",\N,\N
667,43,567,567,"Mautern an der Donau",\N,\N
668,43,568,568,"Mühldorf",\N,\N
669,43,569,569,"Paudorf",\N,\N
670,43,570,570,"Rastenfeld",\N,\N
671,43,571,571,"Rohrendorf bei Krems",\N,\N
672,43,572,572,"Rossatz-Arnsdorf",\N,\N
673,43,573,573,"Sankt Leonhard am Hornerwald",\N,\N
674,43,575,575,"Senftenberg",\N,\N
675,43,576,576,"Spitz",\N,\N
676,43,578,578,"Straß im Straßertale",\N,\N
677,43,577,577,"Stratzing",\N,\N
678,43,579,579,"Weinzierl am Walde",\N,\N
679,43,580,580,"Weißenkirchen in der Wachau",\N,\N
680,43,574,574,"Schönberg am Kamp",\N,\N
681,43,554,554,"Droß",\N,\N
682,44,582,582,"Annaberg",\N,\N
683,44,583,583,"Eschenau",\N,\N
684,44,584,584,"Hainfeld",\N,\N
685,44,585,585,"Hohenberg",\N,\N
686,44,586,586,"Kaumberg",\N,\N
687,44,587,587,"Kleinzell",\N,\N
688,44,588,588,"Lilienfeld",\N,\N
689,44,589,589,"Mitterbach am Erlaufsee",\N,\N
690,44,590,590,"Ramsau",\N,\N
691,44,591,591,"Rohrbach an der Gölsen",\N,\N
692,44,592,592,"Sankt Aegyd am Neuwalde",\N,\N
693,44,593,593,"Sankt Veit an der Gölsen",\N,\N
694,44,594,594,"Traisen",\N,\N
695,44,595,595,"Türnitz",\N,\N
696,45,597,597,"Artstetten-Pöbring",\N,\N
697,45,598,598,"Bergland",\N,\N
698,45,599,599,"Bischofstetten",\N,\N
699,45,600,600,"Blindenmarkt",\N,\N
700,45,601,601,"Dorfstetten",\N,\N
701,45,602,602,"Dunkelsteinerwald",\N,\N
702,45,604,604,"Erlauf",\N,\N
703,45,605,605,"Golling an der Erlauf",\N,\N
704,45,606,606,"Hofamt Priel",\N,\N
705,45,607,607,"Hürm",\N,\N
706,45,608,608,"Kilb",\N,\N
707,45,609,609,"Kirnberg an der Mank",\N,\N
708,45,610,610,"Klein-Pöchlarn",\N,\N
709,45,611,611,"Krummnußbaum",\N,\N
710,45,612,612,"Leiben",\N,\N
711,45,613,613,"Loosdorf",\N,\N
712,45,614,614,"Mank",\N,\N
713,45,615,615,"Marbach an der Donau",\N,\N
714,45,616,616,"Maria Taferl",\N,\N
715,45,617,617,"Melk",\N,\N
716,45,618,618,"Münichreith-Laimbach",\N,\N
717,45,619,619,"Neumarkt an der Ybbs",\N,\N
718,45,620,620,"Nöchling",\N,\N
719,45,621,621,"Persenbeug-Gottsdorf",\N,\N
720,45,622,622,"Petzenkirchen",\N,\N
721,45,623,623,"Pöchlarn",\N,\N
722,45,624,624,"Pöggstall",\N,\N
723,45,625,625,"Raxendorf",\N,\N
724,45,626,626,"Ruprechtshofen",\N,\N
725,45,627,627,"Sankt Leonhard am Forst",\N,\N
726,45,628,628,"Sankt Martin-Karlsbach",\N,\N
727,45,629,629,"Sankt Oswald",\N,\N
728,45,631,631,"Schönbühel-Aggsbach",\N,\N
729,45,630,630,"Schollach",\N,\N
730,45,633,633,"Weiten",\N,\N
731,45,634,634,"Ybbs an der Donau",\N,\N
732,45,636,636,"Zelking-Matzleinsdorf",\N,\N
733,45,632,632,"Texingtal",\N,\N
734,45,635,635,"Yspertal",\N,\N
735,45,603,603,"Emmersdorf an der Donau",\N,\N
736,46,638,638,"Altlichtenwarth",\N,\N
737,46,639,639,"Asparn an der Zaya",\N,\N
738,46,640,640,"Bernhardsthal",\N,\N
739,46,641,641,"Bockfließ",\N,\N
740,46,642,642,"Drasenhofen",\N,\N
741,46,643,643,"Falkenstein",\N,\N
742,46,644,644,"Fallbach",\N,\N
743,46,645,645,"Gaubitsch",\N,\N
744,46,646,646,"Gaweinstal",\N,\N
745,46,647,647,"Gnadendorf",\N,\N
746,46,649,649,"Großebersdorf",\N,\N
747,46,648,648,"Groß-Engersdorf",\N,\N
748,46,650,650,"Großharras",\N,\N
749,46,651,651,"Großkrut",\N,\N
750,46,652,652,"Hausbrunn",\N,\N
751,46,653,653,"Herrnbaumgarten",\N,\N
752,46,654,654,"Hochleithen",\N,\N
753,46,655,655,"Kreuttal",\N,\N
754,46,656,656,"Kreuzstetten",\N,\N
755,46,657,657,"Laa an der Thaya",\N,\N
756,46,658,658,"Ladendorf",\N,\N
757,46,659,659,"Mistelbach",\N,\N
758,46,660,660,"Neudorf bei Staatz",\N,\N
759,46,661,661,"Niederleis",\N,\N
760,46,663,663,"Pillichsdorf",\N,\N
761,46,664,664,"Poysdorf",\N,\N
762,46,665,665,"Rabensburg",\N,\N
763,46,666,666,"Schrattenberg",\N,\N
764,46,667,667,"Staatz",\N,\N
765,46,668,668,"Stronsdorf",\N,\N
766,46,669,669,"Ulrichskirchen-Schleinbach",\N,\N
767,46,670,670,"Unterstinkenbrunn",\N,\N
768,46,671,671,"Wildendürnbach",\N,\N
769,46,672,672,"Wilfersdorf",\N,\N
770,46,673,673,"Wolkersdorf im Weinviertel",\N,\N
771,46,662,662,"Ottenthal",\N,\N
772,47,675,675,"Achau",\N,\N
773,47,676,676,"Biedermannsdorf",\N,\N
774,47,677,677,"Breitenfurt bei Wien",\N,\N
775,47,678,678,"Brunn am Gebirge",\N,\N
776,47,679,679,"Gaaden",\N,\N
777,47,680,680,"Gießhübl",\N,\N
778,47,681,681,"Gumpoldskirchen",\N,\N
779,47,682,682,"Guntramsdorf",\N,\N
780,47,683,683,"Hennersdorf",\N,\N
781,47,684,684,"Hinterbrühl",\N,\N
782,47,685,685,"Kaltenleutgeben",\N,\N
783,47,686,686,"Laab im Walde",\N,\N
784,47,687,687,"Laxenburg",\N,\N
785,47,688,688,"Maria Enzersdorf",\N,\N
786,47,690,690,"Mödling",\N,\N
787,47,689,689,"Münchendorf",\N,\N
788,47,691,691,"Perchtoldsdorf",\N,\N
789,47,692,692,"Vösendorf",\N,\N
790,47,693,693,"Wiener Neudorf",\N,\N
791,47,694,694,"Wienerwald",\N,\N
792,48,696,696,"Altendorf",\N,\N
793,48,697,697,"Aspang-Markt",\N,\N
794,48,698,698,"Aspangberg-Sankt Peter",\N,\N
795,48,699,699,"Breitenau",\N,\N
796,48,700,700,"Breitenstein",\N,\N
797,48,701,701,"Buchbach",\N,\N
798,48,703,703,"Edlitz",\N,\N
799,48,704,704,"Enzenreith",\N,\N
800,48,705,705,"Feistritz am Wechsel",\N,\N
801,48,706,706,"Gloggnitz",\N,\N
802,48,707,707,"Grafenbach-Sankt Valentin",\N,\N
803,48,708,708,"Grimmenstein",\N,\N
804,48,709,709,"Grünbach am Schneeberg",\N,\N
805,48,711,711,"Kirchberg am Wechsel",\N,\N
806,48,712,712,"Mönichkirchen",\N,\N
807,48,713,713,"Natschbach-Loipersbach",\N,\N
808,48,714,714,"Neunkirchen",\N,\N
809,48,715,715,"Otterthal",\N,\N
810,48,716,716,"Payerbach",\N,\N
811,48,717,717,"Pitten",\N,\N
812,48,718,718,"Prigglitz",\N,\N
813,48,719,719,"Puchberg am Schneeberg",\N,\N
814,48,720,720,"Raach am Hochgebirge",\N,\N
815,48,721,721,"Reichenau an der Rax",\N,\N
816,48,722,722,"Sankt Corona am Wechsel",\N,\N
817,48,723,723,"Sankt Egyden am Steinfeld",\N,\N
818,48,724,724,"Scheiblingkirchen-Thernberg",\N,\N
819,48,725,725,"Schottwien",\N,\N
820,48,726,726,"Schrattenbach",\N,\N
821,48,727,727,"Schwarzau am Steinfelde",\N,\N
822,48,728,728,"Schwarzau im Gebirge",\N,\N
823,48,729,729,"Seebenstein",\N,\N
824,48,730,730,"Semmering",\N,\N
825,48,731,731,"Ternitz",\N,\N
826,48,732,732,"Thomasberg",\N,\N
827,48,733,733,"Trattenbach",\N,\N
828,48,702,702,"Bürg-Vöstenhof",\N,\N
829,48,734,734,"Warth",\N,\N
830,48,735,735,"Wartmannstetten",\N,\N
831,48,736,736,"Willendorf",\N,\N
832,48,737,737,"Wimpassing im Schwarzatale",\N,\N
833,48,738,738,"Würflach",\N,\N
834,48,739,739,"Zöbern",\N,\N
835,48,710,710,"Höflein an der Hohen Wand",\N,\N
836,49,743,743,"Altlengbach",\N,\N
837,49,744,744,"Asperhofen",\N,\N
838,49,746,746,"Böheimkirchen",\N,\N
839,49,745,745,"Brand-Laaben",\N,\N
840,49,747,747,"Eichgraben",\N,\N
841,49,748,748,"Frankenfels",\N,\N
842,49,749,749,"Gerersdorf",\N,\N
843,49,753,753,"Hofstetten-Grünau",\N,\N
844,49,750,750,"Hafnerbach",\N,\N
845,49,751,751,"Haunoldstein",\N,\N
846,49,752,752,"Herzogenburg",\N,\N
847,49,754,754,"Inzersdorf-Getzersdorf",\N,\N
848,49,755,755,"Kapelln",\N,\N
849,49,756,756,"Karlstetten",\N,\N
850,49,757,757,"Kasten bei Böheimkirchen",\N,\N
851,49,758,758,"Kirchberg an der Pielach",\N,\N
852,49,759,759,"Kirchstetten",\N,\N
853,49,760,760,"Loich",\N,\N
854,49,761,761,"Maria-Anzbach",\N,\N
855,49,762,762,"Markersdorf-Haindorf",\N,\N
856,49,763,763,"Michelbach",\N,\N
857,49,764,764,"Neidling",\N,\N
858,49,765,765,"Neulengbach",\N,\N
859,49,766,766,"Neustift-Innermanzing",\N,\N
860,49,767,767,"Nußdorf ob der Traisen",\N,\N
861,49,768,768,"Ober-Grafendorf",\N,\N
862,49,769,769,"Obritzberg-Rust",\N,\N
863,49,770,770,"Prinzersdorf",\N,\N
864,49,771,771,"Pyhra",\N,\N
865,49,772,772,"Rabenstein an der Pielach",\N,\N
866,49,773,773,"Sankt Margarethen an der Sierning",\N,\N
867,49,774,774,"Schwarzenbach an der Pielach",\N,\N
868,49,775,775,"Statzendorf",\N,\N
869,49,776,776,"Stössing",\N,\N
870,49,777,777,"Traismauer",\N,\N
871,49,778,778,"Weinburg",\N,\N
872,49,779,779,"Weißenkirchen an der Perschling",\N,\N
873,49,780,780,"Wilhelmsburg",\N,\N
874,49,781,781,"Wölbling",\N,\N
875,50,783,783,"Gaming",\N,\N
876,50,786,786,"Göstling an der Ybbs",\N,\N
877,50,784,784,"Gresten",\N,\N
878,50,785,785,"Gresten-Land",\N,\N
879,50,787,787,"Lunz am See",\N,\N
880,50,788,788,"Oberndorf an der Melk",\N,\N
881,50,789,789,"Puchenstuben",\N,\N
882,50,790,790,"Purgstall an der Erlauf",\N,\N
883,50,791,791,"Randegg",\N,\N
884,50,792,792,"Reinsberg",\N,\N
885,50,793,793,"Sankt Anton an der Jeßnitz",\N,\N
886,50,794,794,"Sankt Georgen an der Leys",\N,\N
887,50,795,795,"Scheibbs",\N,\N
888,50,796,796,"Steinakirchen am Forst",\N,\N
889,50,797,797,"Wang",\N,\N
890,50,798,798,"Wieselburg",\N,\N
891,50,799,799,"Wieselburg-Land",\N,\N
892,50,800,800,"Wolfpassing",\N,\N
893,51,802,802,"Absdorf",\N,\N
894,51,803,803,"Atzenbrugg",\N,\N
895,51,804,804,"Fels am Wagram",\N,\N
896,51,805,805,"Grafenwörth",\N,\N
897,51,806,806,"Großriedenthal",\N,\N
898,51,807,807,"Großweikersdorf",\N,\N
899,51,808,808,"Judenau-Baumgarten",\N,\N
900,51,809,809,"Kirchberg am Wagram",\N,\N
901,51,810,810,"Königsbrunn am Wagram",\N,\N
902,51,811,811,"Königstetten",\N,\N
903,51,812,812,"Langenrohr",\N,\N
904,51,813,813,"Michelhausen",\N,\N
905,51,816,816,"Sieghartskirchen",\N,\N
906,51,817,817,"Sitzenberg-Reidling",\N,\N
907,51,818,818,"Tulbing",\N,\N
908,51,819,819,"Tulln an der Donau",\N,\N
909,51,820,820,"Würmla",\N,\N
910,51,821,821,"Zeiselmauer-Wolfpassing",\N,\N
911,51,822,822,"Zwentendorf an der Donau",\N,\N
912,51,815,815,"Sankt Andrä-Wördern",\N,\N
913,51,814,814,"Muckendorf-Wipfing",\N,\N
914,52,824,824,"Dietmanns",\N,\N
915,52,825,825,"Dobersberg",\N,\N
916,52,826,826,"Gastern",\N,\N
917,52,827,827,"Groß-Siegharts",\N,\N
918,52,828,828,"Karlstein an der Thaya",\N,\N
919,52,829,829,"Kautzen",\N,\N
920,52,830,830,"Ludweis-Aigen",\N,\N
921,52,831,831,"Pfaffenschlag bei Waidhofen a.d.Thaya",\N,\N
922,52,832,832,"Raabs an der Thaya",\N,\N
923,52,833,833,"Thaya",\N,\N
924,52,834,834,"Vitis",\N,\N
925,52,835,835,"Waidhofen an der Thaya",\N,\N
926,52,836,836,"Waidhofen an der Thaya-Land",\N,\N
927,52,837,837,"Waldkirchen an der Thaya",\N,\N
928,52,838,838,"Windigsteig",\N,\N
929,53,864,864,"Bad Fischau-Brunn",\N,\N
930,53,865,865,"Bad Schönau",\N,\N
931,53,867,867,"Ebenfurth",\N,\N
932,53,868,868,"Eggendorf",\N,\N
933,53,869,869,"Erlach",\N,\N
934,53,870,870,"Felixdorf",\N,\N
935,53,871,871,"Gutenstein",\N,\N
936,53,872,872,"Hochneukirchen-Gschaidt",\N,\N
937,53,873,873,"Hochwolkersdorf",\N,\N
938,53,874,874,"Hohe Wand",\N,\N
939,53,875,875,"Hollenthon",\N,\N
940,53,876,876,"Katzelsdorf",\N,\N
941,53,877,877,"Kirchschlag in der Buckligen Welt",\N,\N
942,53,878,878,"Krumbach",\N,\N
943,53,879,879,"Lanzenkirchen",\N,\N
944,53,880,880,"Lichtenegg",\N,\N
945,53,881,881,"Lichtenwörth",\N,\N
946,53,882,882,"Markt Piesting",\N,\N
947,53,883,883,"Matzendorf-Hölles",\N,\N
948,53,884,884,"Miesenbach",\N,\N
949,53,885,885,"Muggendorf",\N,\N
950,53,886,886,"Pernitz",\N,\N
951,53,887,887,"Rohr im Gebirge",\N,\N
952,53,866,866,"Bromberg",\N,\N
953,53,888,888,"Schwarzenbach",\N,\N
954,53,889,889,"Sollenau",\N,\N
955,53,890,890,"Theresienfeld",\N,\N
956,53,891,891,"Waidmannsfeld",\N,\N
957,53,892,892,"Waldegg",\N,\N
958,53,893,893,"Walpersbach",\N,\N
959,53,894,894,"Weikersdorf am Steinfelde",\N,\N
960,53,895,895,"Wiesmath",\N,\N
961,53,896,896,"Winzendorf-Muthmannsdorf",\N,\N
962,53,897,897,"Wöllersdorf-Steinabrückl",\N,\N
963,53,898,898,"Zillingdorf",\N,\N
964,54,842,842,"Ebergassing",\N,\N
965,54,843,843,"Fischamend",\N,\N
966,54,844,844,"Gablitz",\N,\N
967,54,845,845,"Gerasdorf bei Wien",\N,\N
968,54,846,846,"Gramatneusiedl",\N,\N
969,54,847,847,"Himberg",\N,\N
970,54,848,848,"Klein-Neusiedl",\N,\N
971,54,849,849,"Klosterneuburg",\N,\N
972,54,850,850,"Lanzendorf",\N,\N
973,54,851,851,"Leopoldsdorf",\N,\N
974,54,852,852,"Maria-Lanzendorf",\N,\N
975,54,853,853,"Mauerbach",\N,\N
976,54,854,854,"Moosbrunn",\N,\N
977,54,855,855,"Pressbaum",\N,\N
978,54,856,856,"Purkersdorf",\N,\N
979,54,857,857,"Rauchenwarth",\N,\N
980,54,858,858,"Schwadorf",\N,\N
981,54,859,859,"Schwechat",\N,\N
982,54,860,860,"Tullnerbach",\N,\N
983,54,861,861,"Wolfsgraben",\N,\N
984,54,862,862,"Zwölfaxing",\N,\N
985,55,902,902,"Allentsteig",\N,\N
986,55,904,904,"Arbesbach",\N,\N
987,55,905,905,"Bärnkopf",\N,\N
988,55,906,906,"Echsenbach",\N,\N
989,55,911,911,"Göpfritz an der Wild",\N,\N
990,55,907,907,"Grafenschlag",\N,\N
991,55,908,908,"Groß Gerungs",\N,\N
992,55,909,909,"Großgöttfritz",\N,\N
993,55,910,910,"Gutenbrunn",\N,\N
994,55,912,912,"Kirchschlag",\N,\N
995,55,913,913,"Kottes-Purk",\N,\N
996,55,914,914,"Langschlag",\N,\N
997,55,915,915,"Martinsberg",\N,\N
998,55,916,916,"Ottenschlag",\N,\N
999,55,903,903,"Altmelon",\N,\N
1000,55,917,917,"Pölla",\N,\N
1001,55,918,918,"Rappottenstein",\N,\N
1002,55,919,919,"Sallingberg",\N,\N
1003,55,922,922,"Schönbach",\N,\N
1004,55,920,920,"Schwarzenau",\N,\N
1005,55,921,921,"Schweiggers",\N,\N
1006,55,923,923,"Traunstein",\N,\N
1007,55,924,924,"Waldhausen",\N,\N
1008,55,925,925,"Zwettl-Niederösterreich",\N,\N
1009,56,1096,1096,"Linz-Stadt",\N,\N
1010,57,1259,1259,"Steyr-Stadt",\N,\N
1011,58,1364,1364,"Wels-Stadt",\N,\N
1012,59,928,928,"Altheim",\N,\N
1013,59,929,929,"Aspach",\N,\N
1014,59,930,930,"Auerbach",\N,\N
1015,59,931,931,"Braunau am Inn",\N,\N
1016,59,932,932,"Burgkirchen",\N,\N
1017,59,933,933,"Eggelsberg",\N,\N
1018,59,934,934,"Feldkirchen bei Mattighofen",\N,\N
1019,59,935,935,"Franking",\N,\N
1020,59,936,936,"Geretsberg",\N,\N
1021,59,937,937,"Gilgenberg am Weilhart",\N,\N
1022,59,938,938,"Haigermoos",\N,\N
1023,59,939,939,"Handenberg",\N,\N
1024,59,940,940,"Helpfau-Uttendorf",\N,\N
1025,59,941,941,"Hochburg-Ach",\N,\N
1026,59,942,942,"Höhnhart",\N,\N
1027,59,943,943,"Jeging",\N,\N
1028,59,944,944,"Kirchberg bei Mattighofen",\N,\N
1029,59,945,945,"Lengau",\N,\N
1030,59,946,946,"Lochen",\N,\N
1031,59,947,947,"Maria Schmolln",\N,\N
1032,59,948,948,"Mattighofen",\N,\N
1033,59,949,949,"Mauerkirchen",\N,\N
1034,59,950,950,"Mining",\N,\N
1035,59,951,951,"Moosbach",\N,\N
1036,59,952,952,"Moosdorf",\N,\N
1037,59,953,953,"Munderfing",\N,\N
1038,59,954,954,"Neukirchen an der Enknach",\N,\N
1039,59,955,955,"Ostermiething",\N,\N
1040,59,956,956,"Palting",\N,\N
1041,59,957,957,"Perwang am Grabensee",\N,\N
1042,59,958,958,"Pfaffstätt",\N,\N
1043,59,959,959,"Pischelsdorf am Engelbach",\N,\N
1044,59,960,960,"Polling im Innkreis",\N,\N
1045,59,961,961,"Roßbach",\N,\N
1046,59,962,962,"Sankt Georgen am Fillmannsbach",\N,\N
1047,59,963,963,"Sankt Johann am Walde",\N,\N
1048,59,964,964,"Sankt Pantaleon",\N,\N
1049,59,965,965,"Sankt Peter am Hart",\N,\N
1050,59,966,966,"Sankt Radegund",\N,\N
1051,59,967,967,"Sankt Veit im Innkreis",\N,\N
1052,59,968,968,"Schalchen",\N,\N
1053,59,969,969,"Schwand im Innkreis",\N,\N
1054,59,970,970,"Tarsdorf",\N,\N
1055,59,971,971,"Treubach",\N,\N
1056,59,973,973,"šberackern",\N,\N
1057,59,972,972,"Weng im Innkreis",\N,\N
1058,60,975,975,"Alkoven",\N,\N
1059,60,976,976,"Aschach an der Donau",\N,\N
1060,60,977,977,"Eferding",\N,\N
1061,60,978,978,"Fraham",\N,\N
1062,60,979,979,"Haibach ob der Donau",\N,\N
1063,60,980,980,"Hartkirchen",\N,\N
1064,60,981,981,"Hinzenbach",\N,\N
1065,60,982,982,"Prambachkirchen",\N,\N
1066,60,983,983,"Pupping",\N,\N
1067,60,984,984,"Sankt Marienkirchen an der Polsenz",\N,\N
1068,60,985,985,"Scharten",\N,\N
1069,60,986,986,"Stroheim",\N,\N
1070,61,989,989,"Freistadt",\N,\N
1071,61,990,990,"Grünbach",\N,\N
1072,61,991,991,"Gutau",\N,\N
1073,61,992,992,"Hagenberg im Mühlkreis",\N,\N
1074,61,993,993,"Hirschbach im Mühlkreis",\N,\N
1075,61,994,994,"Kaltenberg",\N,\N
1076,61,995,995,"Kefermarkt",\N,\N
1077,61,996,996,"Königswiesen",\N,\N
1078,61,997,997,"Lasberg",\N,\N
1079,61,998,998,"Leopoldschlag",\N,\N
1080,61,999,999,"Liebenau",\N,\N
1081,61,1000,1000,"Neumarkt im Mühlkreis",\N,\N
1082,61,1001,1001,"Pierbach",\N,\N
1083,61,1002,1002,"Pregarten",\N,\N
1084,61,1003,1003,"Rainbach im Mühlkreis",\N,\N
1085,61,1004,1004,"Sandl",\N,\N
1086,61,1005,1005,"Sankt Leonhard bei Freistadt",\N,\N
1087,61,1006,1006,"Sankt Oswald bei Freistadt",\N,\N
1088,61,1007,1007,"Schönau im Mühlkreis",\N,\N
1089,61,1008,1008,"Tragwein",\N,\N
1090,61,1010,1010,"Unterweißenbach",\N,\N
1091,61,1009,1009,"Unterweitersdorf",\N,\N
1092,61,1011,1011,"Waldburg",\N,\N
1093,61,1012,1012,"Wartberg ob der Aist",\N,\N
1094,61,1013,1013,"Weitersfelden",\N,\N
1095,61,1014,1014,"Windhaag bei Freistadt",\N,\N
1096,61,988,988,"Bad Zell",\N,\N
1097,62,1016,1016,"Altmünster",\N,\N
1098,62,1017,1017,"Bad Goisern",\N,\N
1099,62,1018,1018,"Bad Ischl",\N,\N
1100,62,1019,1019,"Ebensee",\N,\N
1101,62,1020,1020,"Gmunden",\N,\N
1102,62,1021,1021,"Gosau",\N,\N
1103,62,1022,1022,"Grünau im Almtal",\N,\N
1104,62,1023,1023,"Gschwandt",\N,\N
1105,62,1024,1024,"Hallstatt",\N,\N
1106,62,1025,1025,"Kirchham",\N,\N
1107,62,1026,1026,"Laakirchen",\N,\N
1108,62,1027,1027,"Obertraun",\N,\N
1109,62,1028,1028,"Ohlsdorf",\N,\N
1110,62,1029,1029,"Pinsdorf",\N,\N
1111,62,1030,1030,"Roitham",\N,\N
1112,62,1031,1031,"Sankt Konrad",\N,\N
1113,62,1032,1032,"Sankt Wolfgang im Salzkammergut",\N,\N
1114,62,1034,1034,"Traunkirchen",\N,\N
1115,62,1033,1033,"Scharnstein",\N,\N
1116,62,1035,1035,"Vorchdorf",\N,\N
1117,63,1037,1037,"Aistersheim",\N,\N
1118,63,1038,1038,"Bad Schallerbach",\N,\N
1119,63,1039,1039,"Bruck-Waasen",\N,\N
1120,63,1040,1040,"Eschenau im Hausruckkreis",\N,\N
1121,63,1041,1041,"Gallspach",\N,\N
1122,63,1042,1042,"Gaspoltshofen",\N,\N
1123,63,1043,1043,"Geboltskirchen",\N,\N
1124,63,1044,1044,"Grieskirchen",\N,\N
1125,63,1045,1045,"Haag am Hausruck",\N,\N
1126,63,1046,1046,"Heiligenberg",\N,\N
1127,63,1047,1047,"Hofkirchen an der Trattnach",\N,\N
1128,63,1048,1048,"Kallham",\N,\N
1129,63,1049,1049,"Kematen am Innbach",\N,\N
1130,63,1050,1050,"Meggenhofen",\N,\N
1131,63,1051,1051,"Michaelnbach",\N,\N
1132,63,1052,1052,"Natternbach",\N,\N
1133,63,1053,1053,"Neukirchen am Walde",\N,\N
1134,63,1054,1054,"Neumarkt im Hausruckkreis",\N,\N
1135,63,1055,1055,"Peuerbach",\N,\N
1136,63,1058,1058,"Pötting",\N,\N
1137,63,1056,1056,"Pollham",\N,\N
1138,63,1057,1057,"Pram",\N,\N
1139,63,1059,1059,"Rottenbach",\N,\N
1140,63,1060,1060,"Sankt Agatha",\N,\N
1141,63,1061,1061,"Sankt Georgen bei Grieskirchen",\N,\N
1142,63,1062,1062,"Sankt Thomas",\N,\N
1143,63,1063,1063,"Schlüßlberg",\N,\N
1144,63,1064,1064,"Steegen",\N,\N
1145,63,1065,1065,"Taufkirchen an der Trattnach",\N,\N
1146,63,1066,1066,"Tollet",\N,\N
1147,63,1067,1067,"Waizenkirchen",\N,\N
1148,63,1068,1068,"Wallern an der Trattnach",\N,\N
1149,63,1069,1069,"Weibern",\N,\N
1150,63,1070,1070,"Wendling",\N,\N
1151,64,1072,1072,"Edlbach",\N,\N
1152,64,1073,1073,"Grünburg",\N,\N
1153,64,1074,1074,"Hinterstoder",\N,\N
1154,64,1075,1075,"Inzersdorf im Kremstal",\N,\N
1155,64,1076,1076,"Kirchdorf an der Krems",\N,\N
1156,64,1077,1077,"Klaus an der Pyhrnbahn",\N,\N
1157,64,1078,1078,"Kremsmünster",\N,\N
1158,64,1079,1079,"Micheldorf in Oberösterreich",\N,\N
1159,64,1080,1080,"Molln",\N,\N
1160,64,1081,1081,"Nußbach",\N,\N
1161,64,1082,1082,"Oberschlierbach",\N,\N
1162,64,1083,1083,"Pettenbach",\N,\N
1163,64,1084,1084,"Ried im Traunkreis",\N,\N
1164,64,1085,1085,"Rosenau am Hengstpaß",\N,\N
1165,64,1086,1086,"Roßleithen",\N,\N
1166,64,1087,1087,"Sankt Pankraz",\N,\N
1167,64,1088,1088,"Schlierbach",\N,\N
1168,64,1089,1089,"Spital am Pyhrn",\N,\N
1169,64,1090,1090,"Steinbach am Ziehberg",\N,\N
1170,64,1091,1091,"Steinbach an der Steyr",\N,\N
1171,64,1092,1092,"Vorderstoder",\N,\N
1172,64,1093,1093,"Wartberg an der Krems",\N,\N
1173,64,1094,1094,"Windischgarsten",\N,\N
1174,65,1098,1098,"Allhaming",\N,\N
1175,65,1099,1099,"Ansfelden",\N,\N
1176,65,1100,1100,"Asten",\N,\N
1177,65,1101,1101,"Eggendorf im Traunkreis",\N,\N
1178,65,1102,1102,"Enns",\N,\N
1179,65,1103,1103,"Hargelsberg",\N,\N
1180,65,1105,1105,"Hörsching",\N,\N
1181,65,1104,1104,"Hofkirchen im Traunkreis",\N,\N
1182,65,1106,1106,"Kematen an der Krems",\N,\N
1183,65,1107,1107,"Kirchberg-Thening",\N,\N
1184,65,1108,1108,"Kronstorf",\N,\N
1185,65,1109,1109,"Leonding",\N,\N
1186,65,1116,1116,"Sankt Florian",\N,\N
1187,65,1110,1110,"Neuhofen an der Krems",\N,\N
1188,65,1111,1111,"Niederneukirchen",\N,\N
1189,65,1112,1112,"Oftering",\N,\N
1190,65,1113,1113,"Pasching",\N,\N
1191,65,1114,1114,"Piberbach",\N,\N
1192,65,1115,1115,"Pucking",\N,\N
1193,65,1117,1117,"Sankt Marien",\N,\N
1194,65,1118,1118,"Traun",\N,\N
1195,65,1119,1119,"Wilhering",\N,\N
1196,66,1121,1121,"Allerheiligen im Mühlkreis",\N,\N
1197,66,1122,1122,"Arbing",\N,\N
1198,66,1124,1124,"Baumgartenberg",\N,\N
1199,66,1125,1125,"Dimbach",\N,\N
1200,66,1126,1126,"Grein",\N,\N
1201,66,1127,1127,"Katsdorf",\N,\N
1202,66,1128,1128,"Klam",\N,\N
1203,66,1123,1123,"Bad Kreuzen",\N,\N
1204,66,1129,1129,"Langenstein",\N,\N
1205,66,1130,1130,"Luftenberg an der Donau",\N,\N
1206,66,1131,1131,"Mauthausen",\N,\N
1207,66,1132,1132,"Mitterkirchen im Machland",\N,\N
1208,66,1133,1133,"Münzbach",\N,\N
1209,66,1134,1134,"Naarn im Machlande",\N,\N
1210,66,1135,1135,"Pabneukirchen",\N,\N
1211,66,1136,1136,"Perg",\N,\N
1212,66,1137,1137,"Rechberg",\N,\N
1213,66,1138,1138,"Ried in der Riedmark",\N,\N
1214,66,1139,1139,"Sankt Georgen am Walde",\N,\N
1215,66,1140,1140,"Sankt Georgen an der Gusen",\N,\N
1216,66,1141,1141,"Sankt Nikola an der Donau",\N,\N
1217,66,1142,1142,"Sankt Thomas am Blasenstein",\N,\N
1218,66,1143,1143,"Saxen",\N,\N
1219,66,1144,1144,"Schwertberg",\N,\N
1220,66,1145,1145,"Waldhausen im Strudengau",\N,\N
1221,66,1146,1146,"Windhaag bei Perg",\N,\N
1222,67,1148,1148,"Andrichsfurt",\N,\N
1223,67,1149,1149,"Antiesenhofen",\N,\N
1224,67,1150,1150,"Aurolzmünster",\N,\N
1225,67,1151,1151,"Eberschwang",\N,\N
1226,67,1152,1152,"Eitzing",\N,\N
1227,67,1153,1153,"Geiersberg",\N,\N
1228,67,1154,1154,"Geinberg",\N,\N
1229,67,1155,1155,"Gurten",\N,\N
1230,67,1156,1156,"Hohenzell",\N,\N
1231,67,1157,1157,"Kirchdorf am Inn",\N,\N
1232,67,1158,1158,"Kirchheim im Innkreis",\N,\N
1233,67,1159,1159,"Lambrechten",\N,\N
1234,67,1160,1160,"Lohnsburg am Kobernaußerwald",\N,\N
1235,67,1161,1161,"Mehrnbach",\N,\N
1236,67,1162,1162,"Mettmach",\N,\N
1237,67,1164,1164,"Mörschwang",\N,\N
1238,67,1163,1163,"Mühlheim am Inn",\N,\N
1239,67,1165,1165,"Neuhofen im Innkreis",\N,\N
1240,67,1166,1166,"Obernberg am Inn",\N,\N
1241,67,1167,1167,"Ort im Innkreis",\N,\N
1242,67,1168,1168,"Pattigham",\N,\N
1243,67,1169,1169,"Peterskirchen",\N,\N
1244,67,1170,1170,"Pramet",\N,\N
1245,67,1171,1171,"Reichersberg",\N,\N
1246,67,1172,1172,"Ried im Innkreis",\N,\N
1247,67,1173,1173,"Sankt Georgen bei Obernberg am Inn",\N,\N
1248,67,1174,1174,"Sankt Marienkirchen am Hausruck",\N,\N
1249,67,1175,1175,"Sankt Martin im Innkreis",\N,\N
1250,67,1176,1176,"Schildorn",\N,\N
1251,67,1177,1177,"Senftenbach",\N,\N
1252,67,1178,1178,"Taiskirchen im Innkreis",\N,\N
1253,67,1179,1179,"Tumeltsham",\N,\N
1254,67,1180,1180,"Utzenaich",\N,\N
1255,67,1181,1181,"Waldzell",\N,\N
1256,67,1182,1182,"Weilbach",\N,\N
1257,67,1183,1183,"Wippenham",\N,\N
1258,68,1185,1185,"Afiesl",\N,\N
1259,68,1186,1186,"Ahorn",\N,\N
1260,68,1187,1187,"Aigen im Mühlkreis",\N,\N
1261,68,1188,1188,"Altenfelden",\N,\N
1262,68,1189,1189,"Arnreit",\N,\N
1263,68,1190,1190,"Atzesberg",\N,\N
1264,68,1191,1191,"Auberg",\N,\N
1265,68,1192,1192,"Berg bei Rohrbach",\N,\N
1266,68,1193,1193,"Haslach an der Mühl",\N,\N
1267,68,1194,1194,"Helfenberg",\N,\N
1268,68,1196,1196,"Hörbich",\N,\N
1269,68,1195,1195,"Hofkirchen im Mühlkreis",\N,\N
1270,68,1197,1197,"Julbach",\N,\N
1271,68,1198,1198,"Kirchberg ob der Donau",\N,\N
1272,68,1199,1199,"Klaffer am Hochficht",\N,\N
1273,68,1200,1200,"Kleinzell im Mühlkreis",\N,\N
1274,68,1201,1201,"Kollerschlag",\N,\N
1275,68,1202,1202,"Lembach im Mühlkreis",\N,\N
1276,68,1203,1203,"Lichtenau im Mühlkreis",\N,\N
1277,68,1204,1204,"Nebelberg",\N,\N
1278,68,1205,1205,"Neufelden",\N,\N
1279,68,1207,1207,"Niederkappel",\N,\N
1280,68,1208,1208,"Niederwaldkirchen",\N,\N
1281,68,1209,1209,"Oberkappel",\N,\N
1282,68,1210,1210,"Oepping",\N,\N
1283,68,1211,1211,"Peilstein im Mühlviertel",\N,\N
1284,68,1212,1212,"Pfarrkirchen im Mühlkreis",\N,\N
1285,68,1213,1213,"Putzleinsdorf",\N,\N
1286,68,1206,1206,"Neustift im Mühlkreis",\N,\N
1287,68,1214,1214,"Rohrbach in Oberösterreich",\N,\N
1288,68,1215,1215,"Sankt Johann am Wimberg",\N,\N
1289,68,1216,1216,"Sankt Martin im Mühlkreis",\N,\N
1290,68,1217,1217,"Sankt Oswald bei Haslach",\N,\N
1291,68,1218,1218,"Sankt Peter am Wimberg",\N,\N
1292,68,1219,1219,"Sankt Stefan am Walde",\N,\N
1293,68,1220,1220,"Sankt Ulrich im Mühlkreis",\N,\N
1294,68,1221,1221,"Sankt Veit im Mühlkreis",\N,\N
1295,68,1222,1222,"Sarleinsbach",\N,\N
1296,68,1223,1223,"Schlägl",\N,\N
1297,68,1225,1225,"Schönegg",\N,\N
1298,68,1224,1224,"Schwarzenberg am Böhmerwald",\N,\N
1299,68,1226,1226,"Ulrichsberg",\N,\N
1300,69,1228,1228,"Altschwendt",\N,\N
1301,69,1229,1229,"Andorf",\N,\N
1302,69,1230,1230,"Brunnenthal",\N,\N
1303,69,1231,1231,"Diersbach",\N,\N
1304,69,1232,1232,"Dorf an der Pram",\N,\N
1305,69,1233,1233,"Eggerding",\N,\N
1306,69,1234,1234,"Engelhartszell",\N,\N
1307,69,1235,1235,"Enzenkirchen",\N,\N
1308,69,1236,1236,"Esternberg",\N,\N
1309,69,1237,1237,"Freinberg",\N,\N
1310,69,1238,1238,"Kopfing im Innkreis",\N,\N
1311,69,1239,1239,"Mayrhof",\N,\N
1312,69,1240,1240,"Münzkirchen",\N,\N
1313,69,1241,1241,"Raab",\N,\N
1314,69,1242,1242,"Rainbach im Innkreis",\N,\N
1315,69,1243,1243,"Riedau",\N,\N
1316,69,1244,1244,"Sankt Aegidi",\N,\N
1317,69,1245,1245,"Sankt Florian am Inn",\N,\N
1318,69,1246,1246,"Sankt Marienkirchen bei Schärding",\N,\N
1319,69,1247,1247,"Sankt Roman",\N,\N
1320,69,1248,1248,"Sankt Willibald",\N,\N
1321,69,1250,1250,"Schärding",\N,\N
1322,69,1249,1249,"Schardenberg",\N,\N
1323,69,1251,1251,"Sigharting",\N,\N
1324,69,1252,1252,"Suben",\N,\N
1325,69,1253,1253,"Taufkirchen an der Pram",\N,\N
1326,69,1254,1254,"Vichtenstein",\N,\N
1327,69,1255,1255,"Waldkirchen am Wesen",\N,\N
1328,69,1256,1256,"Wernstein am Inn",\N,\N
1329,69,1257,1257,"Zell an der Pram",\N,\N
1330,70,1261,1261,"Adlwang",\N,\N
1331,70,1262,1262,"Aschach an der Steyr",\N,\N
1332,70,1263,1263,"Bad Hall",\N,\N
1333,70,1264,1264,"Dietach",\N,\N
1334,70,1265,1265,"Gaflenz",\N,\N
1335,70,1266,1266,"Garsten",\N,\N
1336,70,1267,1267,"Großraming",\N,\N
1337,70,1268,1268,"Laussa",\N,\N
1338,70,1269,1269,"Losenstein",\N,\N
1339,70,1270,1270,"Maria Neustift",\N,\N
1340,70,1271,1271,"Pfarrkirchen bei Bad Hall",\N,\N
1341,70,1272,1272,"Reichraming",\N,\N
1342,70,1273,1273,"Rohr im Kremstal",\N,\N
1343,70,1274,1274,"Sankt Ulrich bei Steyr",\N,\N
1344,70,1275,1275,"Schiedlberg",\N,\N
1345,70,1276,1276,"Sierning",\N,\N
1346,70,1277,1277,"Ternberg",\N,\N
1347,70,1278,1278,"Waldneukirchen",\N,\N
1348,70,1279,1279,"Weyer Land",\N,\N
1349,70,1280,1280,"Weyer Markt",\N,\N
1350,70,1281,1281,"Wolfern",\N,\N
1351,71,1283,1283,"Alberndorf in der Riedmark",\N,\N
1352,71,1284,1284,"Altenberg bei Linz",\N,\N
1353,71,1285,1285,"Bad Leonfelden",\N,\N
1354,71,1286,1286,"Eidenberg",\N,\N
1355,71,1287,1287,"Engerwitzdorf",\N,\N
1356,71,1288,1288,"Feldkirchen an der Donau",\N,\N
1357,71,1289,1289,"Gallneukirchen",\N,\N
1358,71,1290,1290,"Goldwörth",\N,\N
1359,71,1291,1291,"Gramastetten",\N,\N
1360,71,1292,1292,"Haibach im Mühlkreis",\N,\N
1361,71,1293,1293,"Hellmonsödt",\N,\N
1362,71,1294,1294,"Herzogsdorf",\N,\N
1363,71,1295,1295,"Kirchschlag bei Linz",\N,\N
1364,71,1296,1296,"Lichtenberg",\N,\N
1365,71,1297,1297,"Oberneukirchen",\N,\N
1366,71,1298,1298,"Ottenschlag im Mühlkreis",\N,\N
1367,71,1299,1299,"Ottensheim",\N,\N
1368,71,1300,1300,"Puchenau",\N,\N
1369,71,1301,1301,"Reichenau im Mühlkreis",\N,\N
1370,71,1302,1302,"Reichenthal",\N,\N
1371,71,1303,1303,"Sankt Gotthard im Mühlkreis",\N,\N
1372,71,1304,1304,"Schenkenfelden",\N,\N
1373,71,1305,1305,"Sonnberg im Mühlkreis",\N,\N
1374,71,1306,1306,"Steyregg",\N,\N
1375,71,1307,1307,"Vorderweißenbach",\N,\N
1376,71,1308,1308,"Walding",\N,\N
1377,71,1309,1309,"Zwettl an der Rodl",\N,\N
1378,72,1311,1311,"Ampflwang im Hausruckwald",\N,\N
1379,72,1312,1312,"Attersee",\N,\N
1380,72,1313,1313,"Attnang-Puchheim",\N,\N
1381,72,1314,1314,"Atzbach",\N,\N
1382,72,1315,1315,"Aurach am Hongar",\N,\N
1383,72,1316,1316,"Berg im Attergau",\N,\N
1384,72,1317,1317,"Desselbrunn",\N,\N
1385,72,1318,1318,"Fornach",\N,\N
1386,72,1319,1319,"Frankenburg am Hausruck",\N,\N
1387,72,1320,1320,"Frankenmarkt",\N,\N
1388,72,1321,1321,"Gampern",\N,\N
1389,72,1322,1322,"Innerschwand",\N,\N
1390,72,1323,1323,"Lenzing",\N,\N
1391,72,1324,1324,"Manning",\N,\N
1392,72,1325,1325,"Mondsee",\N,\N
1393,72,1326,1326,"Neukirchen an der Vöckla",\N,\N
1394,72,1327,1327,"Niederthalheim",\N,\N
1395,72,1328,1328,"Nußdorf am Attersee",\N,\N
1396,72,1329,1329,"Oberhofen am Irrsee",\N,\N
1397,72,1330,1330,"Oberndorf bei Schwanenstadt",\N,\N
1398,72,1331,1331,"Oberwang",\N,\N
1399,72,1332,1332,"Ottnang am Hausruck",\N,\N
1400,72,1333,1333,"Pfaffing",\N,\N
1401,72,1334,1334,"Pilsbach",\N,\N
1402,72,1335,1335,"Pitzenberg",\N,\N
1403,72,1338,1338,"Pöndorf",\N,\N
1404,72,1336,1336,"Puchkirchen am Trattberg",\N,\N
1405,72,1337,1337,"Pühret",\N,\N
1406,72,1339,1339,"Redleiten",\N,\N
1407,72,1340,1340,"Redlham",\N,\N
1408,72,1341,1341,"Regau",\N,\N
1409,72,1343,1343,"Rüstorf",\N,\N
1410,72,1342,1342,"Rutzenham",\N,\N
1411,72,1344,1344,"Sankt Georgen im Attergau",\N,\N
1412,72,1345,1345,"Sankt Lorenz",\N,\N
1413,72,1346,1346,"Schlatt",\N,\N
1414,72,1348,1348,"Schörfling am Attersee",\N,\N
1415,72,1347,1347,"Schwanenstadt",\N,\N
1416,72,1349,1349,"Seewalchen am Attersee",\N,\N
1417,72,1350,1350,"Steinbach am Attersee",\N,\N
1418,72,1351,1351,"Straß im Attergau",\N,\N
1419,72,1352,1352,"Tiefgraben",\N,\N
1420,72,1353,1353,"Timelkam",\N,\N
1421,72,1354,1354,"Ungenach",\N,\N
1422,72,1355,1355,"Unterach am Attersee",\N,\N
1423,72,1356,1356,"Vöcklabruck",\N,\N
1424,72,1357,1357,"Vöcklamarkt",\N,\N
1425,72,1358,1358,"Weißenkirchen im Attergau",\N,\N
1426,72,1359,1359,"Weyregg am Attersee",\N,\N
1427,72,1360,1360,"Wolfsegg am Hausruck",\N,\N
1428,72,1361,1361,"Zell am Moos",\N,\N
1429,72,1362,1362,"Zell am Pettenfirst",\N,\N
1430,73,1366,1366,"Aichkirchen",\N,\N
1431,73,1367,1367,"Bachmanning",\N,\N
1432,73,1368,1368,"Bad Wimsbach-Neydharting",\N,\N
1433,73,1369,1369,"Buchkirchen",\N,\N
1434,73,1370,1370,"Eberstalzell",\N,\N
1435,73,1371,1371,"Edt bei Lambach",\N,\N
1436,73,1372,1372,"Fischlham",\N,\N
1437,73,1373,1373,"Gunskirchen",\N,\N
1438,73,1374,1374,"Holzhausen",\N,\N
1439,73,1375,1375,"Krenglbach",\N,\N
1440,73,1376,1376,"Lambach",\N,\N
1441,73,1377,1377,"Marchtrenk",\N,\N
1442,73,1378,1378,"Neukirchen bei Lambach",\N,\N
1443,73,1379,1379,"Offenhausen",\N,\N
1444,73,1380,1380,"Pennewang",\N,\N
1445,73,1381,1381,"Pichl bei Wels",\N,\N
1446,73,1382,1382,"Sattledt",\N,\N
1447,73,1383,1383,"Schleißheim",\N,\N
1448,73,1384,1384,"Sipbachzell",\N,\N
1449,73,1385,1385,"Stadl-Paura",\N,\N
1450,73,1386,1386,"Steinerkirchen an der Traun",\N,\N
1451,73,1387,1387,"Steinhaus",\N,\N
1452,73,1388,1388,"Thalheim bei Wels",\N,\N
1453,73,1389,1389,"Weißkirchen an der Traun",\N,\N
1454,74,1406,1406,"Salzburg-Stadt",\N,\N
1455,75,1392,1392,"Abtenau",\N,\N
1456,75,1393,1393,"Adnet",\N,\N
1457,75,1394,1394,"Annaberg-Lungötz",\N,\N
1458,75,1396,1396,"Golling an der Salzach",\N,\N
1459,75,1397,1397,"Hallein",\N,\N
1460,75,1398,1398,"Krispl",\N,\N
1461,75,1399,1399,"Kuchl",\N,\N
1462,75,1400,1400,"Oberalm",\N,\N
1463,75,1401,1401,"Puch bei Hallein",\N,\N
1464,75,1402,1402,"Rußbach am Paß Gschütt",\N,\N
1465,75,1403,1403,"Sankt Koloman",\N,\N
1466,75,1404,1404,"Scheffau am Tennengebirge",\N,\N
1467,75,1395,1395,"Bad Vigaun",\N,\N
1468,76,1408,1408,"Anif",\N,\N
1469,76,1409,1409,"Anthering",\N,\N
1470,76,1410,1410,"Bergheim",\N,\N
1471,76,1411,1411,"Berndorf bei Salzburg",\N,\N
1472,76,1412,1412,"Bürmoos",\N,\N
1473,76,1413,1413,"Dorfbeuern",\N,\N
1474,76,1414,1414,"Ebenau",\N,\N
1475,76,1415,1415,"Elixhausen",\N,\N
1476,76,1416,1416,"Elsbethen",\N,\N
1477,76,1417,1417,"Eugendorf",\N,\N
1478,76,1418,1418,"Faistenau",\N,\N
1479,76,1419,1419,"Fuschl am See",\N,\N
1480,76,1422,1422,"Göming",\N,\N
1481,76,1421,1421,"Grödig",\N,\N
1482,76,1420,1420,"Großgmain",\N,\N
1483,76,1423,1423,"Hallwang",\N,\N
1484,76,1424,1424,"Henndorf am Wallersee",\N,\N
1485,76,1425,1425,"Hintersee",\N,\N
1486,76,1426,1426,"Hof bei Salzburg",\N,\N
1487,76,1428,1428,"Köstendorf",\N,\N
1488,76,1427,1427,"Koppl",\N,\N
1489,76,1429,1429,"Lamprechtshausen",\N,\N
1490,76,1430,1430,"Mattsee",\N,\N
1491,76,1431,1431,"Neumarkt am Wallersee",\N,\N
1492,76,1432,1432,"Nußdorf am Haunsberg",\N,\N
1493,76,1433,1433,"Oberndorf bei Salzburg",\N,\N
1494,76,1434,1434,"Obertrum am See",\N,\N
1495,76,1435,1435,"Plainfeld",\N,\N
1496,76,1436,1436,"Sankt Georgen bei Salzburg",\N,\N
1497,76,1437,1437,"Sankt Gilgen",\N,\N
1498,76,1438,1438,"Schleedorf",\N,\N
1499,76,1439,1439,"Seeham",\N,\N
1500,76,1441,1441,"Straßwalchen",\N,\N
1501,76,1442,1442,"Strobl",\N,\N
1502,76,1443,1443,"Thalgau",\N,\N
1503,76,1444,1444,"Wals-Siezenheim",\N,\N
1504,76,1440,1440,"Seekirchen am Wallersee",\N,\N
1505,77,1446,1446,"Altenmarkt im Pongau",\N,\N
1506,77,1448,1448,"Bad Hofgastein",\N,\N
1507,77,1447,1447,"Bad Gastein",\N,\N
1508,77,1449,1449,"Bischofshofen",\N,\N
1509,77,1450,1450,"Dorfgastein",\N,\N
1510,77,1451,1451,"Eben im Pongau",\N,\N
1511,77,1452,1452,"Filzmoos",\N,\N
1512,77,1453,1453,"Flachau",\N,\N
1513,77,1454,1454,"Forstau",\N,\N
1514,77,1455,1455,"Goldegg",\N,\N
1515,77,1456,1456,"Großarl",\N,\N
1516,77,1457,1457,"Hüttau",\N,\N
1517,77,1458,1458,"Hüttschlag",\N,\N
1518,77,1459,1459,"Kleinarl",\N,\N
1519,77,1460,1460,"Mühlbach am Hochkönig",\N,\N
1520,77,1461,1461,"Pfarrwerfen",\N,\N
1521,77,1462,1462,"Radstadt",\N,\N
1522,77,1463,1463,"Sankt Johann im Pongau",\N,\N
1523,77,1464,1464,"Sankt Martin am Tennengebirge",\N,\N
1524,77,1465,1465,"Sankt Veit im Pongau",\N,\N
1525,77,1466,1466,"Schwarzach im Pongau",\N,\N
1526,77,1467,1467,"Untertauern",\N,\N
1527,77,1468,1468,"Wagrain",\N,\N
1528,77,1469,1469,"Werfen",\N,\N
1529,77,1470,1470,"Werfenweng",\N,\N
1530,78,1472,1472,"Göriach",\N,\N
1531,78,1473,1473,"Lessach",\N,\N
1532,78,1474,1474,"Mariapfarr",\N,\N
1533,78,1475,1475,"Mauterndorf",\N,\N
1534,78,1476,1476,"Muhr",\N,\N
1535,78,1477,1477,"Ramingstein",\N,\N
1536,78,1478,1478,"Sankt Andrä im Lungau",\N,\N
1537,78,1479,1479,"Sankt Margarethen im Lungau",\N,\N
1538,78,1480,1480,"Sankt Michael im Lungau",\N,\N
1539,78,1481,1481,"Tamsweg",\N,\N
1540,78,1482,1482,"Thomatal",\N,\N
1541,78,1483,1483,"Tweng",\N,\N
1542,78,1484,1484,"Unternberg",\N,\N
1543,78,1485,1485,"Weißpriach",\N,\N
1544,78,1486,1486,"Zederhaus",\N,\N
1545,79,1488,1488,"Bramberg am Wildkogel",\N,\N
1546,79,1489,1489,"Bruck an der Großglocknerstraße",\N,\N
1547,79,1490,1490,"Dienten am Hochkönig",\N,\N
1548,79,1491,1491,"Fusch an der Großglocknerstraße",\N,\N
1549,79,1492,1492,"Hollersbach im Pinzgau",\N,\N
1550,79,1493,1493,"Kaprun",\N,\N
1551,79,1494,1494,"Krimml",\N,\N
1552,79,1495,1495,"Lend",\N,\N
1553,79,1496,1496,"Leogang",\N,\N
1554,79,1497,1497,"Lofer",\N,\N
1555,79,1498,1498,"Maishofen",\N,\N
1556,79,1499,1499,"Maria Alm am Steinernen Meer",\N,\N
1557,79,1500,1500,"Mittersill",\N,\N
1558,79,1501,1501,"Neukirchen am Großvenediger",\N,\N
1559,79,1502,1502,"Niedernsill",\N,\N
1560,79,1503,1503,"Piesendorf",\N,\N
1561,79,1504,1504,"Rauris",\N,\N
1562,79,1505,1505,"Saalbach-Hinterglemm",\N,\N
1563,79,1506,1506,"Saalfelden am Steinernen Meer",\N,\N
1564,79,1507,1507,"Sankt Martin bei Lofer",\N,\N
1565,79,1508,1508,"Stuhlfelden",\N,\N
1566,79,1509,1509,"Taxenbach",\N,\N
1567,79,1510,1510,"Unken",\N,\N
1568,79,1511,1511,"Uttendorf",\N,\N
1569,79,1512,1512,"Viehhofen",\N,\N
1570,79,1513,1513,"Wald im Pinzgau",\N,\N
1571,79,1514,1514,"Weißbach bei Lofer",\N,\N
1572,79,1515,1515,"Zell am See",\N,\N
1573,80,1652,1652,"Graz-Stadt",\N,\N
1574,81,1518,1518,"Aflenz Kurort",\N,\N
1575,81,1519,1519,"Aflenz Land",\N,\N
1576,81,1520,1520,"Breitenau am Hochlantsch",\N,\N
1577,81,1521,1521,"Bruck an der Mur",\N,\N
1578,81,1522,1522,"Etmißl",\N,\N
1579,81,1523,1523,"Frauenberg",\N,\N
1580,81,1524,1524,"Gußwerk",\N,\N
1581,81,1525,1525,"Halltal",\N,\N
1582,81,1526,1526,"Kapfenberg",\N,\N
1583,81,1527,1527,"Mariazell",\N,\N
1584,81,1528,1528,"Oberaich",\N,\N
1585,81,1529,1529,"Parschlug",\N,\N
1586,81,1530,1530,"Pernegg an der Mur",\N,\N
1587,81,1531,1531,"Sankt Ilgen",\N,\N
1588,81,1532,1532,"Sankt Katharein an der Laming",\N,\N
1589,81,1533,1533,"Sankt Lorenzen im Mürztal",\N,\N
1590,81,1534,1534,"Sankt Marein im Mürztal",\N,\N
1591,81,1535,1535,"Sankt Sebastian",\N,\N
1592,81,1536,1536,"Thörl",\N,\N
1593,81,1537,1537,"Tragöß",\N,\N
1594,81,1538,1538,"Turnau",\N,\N
1595,82,1540,1540,"Aibl",\N,\N
1596,82,1542,1542,"Deutschlandsberg",\N,\N
1597,82,1543,1543,"Eibiswald",\N,\N
1598,82,1544,1544,"Frauental an der Laßnitz",\N,\N
1599,82,1545,1545,"Freiland bei Deutschlandsberg",\N,\N
1600,82,1541,1541,"Bad Gams",\N,\N
1601,82,1546,1546,"Garanas",\N,\N
1602,82,1547,1547,"Georgsberg",\N,\N
1603,82,1548,1548,"Greisdorf",\N,\N
1604,82,1549,1549,"Gressenberg",\N,\N
1605,82,1550,1550,"Groß Sankt Florian",\N,\N
1606,82,1551,1551,"Großradl",\N,\N
1607,82,1552,1552,"Gundersdorf",\N,\N
1608,82,1553,1553,"Hollenegg",\N,\N
1609,82,1554,1554,"Kloster",\N,\N
1610,82,1555,1555,"Lannach",\N,\N
1611,82,1556,1556,"Limberg bei Wies",\N,\N
1612,82,1557,1557,"Marhof",\N,\N
1613,82,1558,1558,"Osterwitz",\N,\N
1614,82,1559,1559,"Pitschgau",\N,\N
1615,82,1561,1561,"Pölfing-Brunn",\N,\N
1616,82,1560,1560,"Preding",\N,\N
1617,82,1562,1562,"Rassach",\N,\N
1618,82,1563,1563,"Sankt Josef (Weststeiermark)",\N,\N
1619,82,1564,1564,"Sankt Martin im Sulmtal",\N,\N
1620,82,1565,1565,"Sankt Oswald ob Eibiswald",\N,\N
1621,82,1566,1566,"Sankt Peter im Sulmtal",\N,\N
1622,82,1567,1567,"Sankt Stefan ob Stainz",\N,\N
1623,82,1568,1568,"Schwanberg",\N,\N
1624,82,1569,1569,"Soboth",\N,\N
1625,82,1570,1570,"Stainz",\N,\N
1626,82,1571,1571,"Stainztal",\N,\N
1627,82,1572,1572,"Stallhof",\N,\N
1628,82,1573,1573,"Sulmeck-Greith",\N,\N
1629,82,1574,1574,"Trahütten",\N,\N
1630,82,1575,1575,"Unterbergla",\N,\N
1631,82,1576,1576,"Wernersdorf",\N,\N
1632,82,1577,1577,"Wettmannstätten",\N,\N
1633,82,1578,1578,"Wielfresen",\N,\N
1634,82,1579,1579,"Wies",\N,\N
1635,83,1581,1581,"Auersbach",\N,\N
1636,83,1582,1582,"Aug-Radisch",\N,\N
1637,83,1583,1583,"Bad Gleichenberg",\N,\N
1638,83,1584,1584,"Bairisch Kölldorf",\N,\N
1639,83,1585,1585,"Baumgarten bei Gnas",\N,\N
1640,83,1586,1586,"Breitenfeld an der Rittschein",\N,\N
1641,83,1587,1587,"Edelsbach bei Feldbach",\N,\N
1642,83,1588,1588,"Edelstauden",\N,\N
1643,83,1589,1589,"Eichkögl",\N,\N
1644,83,1590,1590,"Fehring",\N,\N
1645,83,1591,1591,"Feldbach",\N,\N
1646,83,1592,1592,"Fladnitz im Raabtal",\N,\N
1647,83,1593,1593,"Frannach",\N,\N
1648,83,1594,1594,"Frutten-Gießelsdorf",\N,\N
1649,83,1595,1595,"Glojach",\N,\N
1650,83,1596,1596,"Gnas",\N,\N
1651,83,1597,1597,"Gniebing-Weißenbach",\N,\N
1652,83,1598,1598,"Gossendorf",\N,\N
1653,83,1599,1599,"Grabersdorf",\N,\N
1654,83,1600,1600,"Hatzendorf",\N,\N
1655,83,1601,1601,"Hohenbrugg-Weinberg",\N,\N
1656,83,1602,1602,"Jagerberg",\N,\N
1657,83,1603,1603,"Johnsdorf-Brunn",\N,\N
1658,83,1604,1604,"Kapfenstein",\N,\N
1659,83,1605,1605,"Kirchbach in Steiermark",\N,\N
1660,83,1606,1606,"Kirchberg an der Raab",\N,\N
1661,83,1607,1607,"Kohlberg",\N,\N
1662,83,1608,1608,"Kornberg bei Riegersburg",\N,\N
1663,83,1609,1609,"Krusdorf",\N,\N
1664,83,1610,1610,"Leitersdorf im Raabtal",\N,\N
1665,83,1611,1611,"Lödersdorf",\N,\N
1666,83,1612,1612,"Maierdorf",\N,\N
1667,83,1613,1613,"Merkendorf",\N,\N
1668,83,1614,1614,"Mitterlabill",\N,\N
1669,83,1615,1615,"Mühldorf bei Feldbach",\N,\N
1670,83,1616,1616,"Oberdorf am Hochegg",\N,\N
1671,83,1617,1617,"Oberstorcha",\N,\N
1672,83,1618,1618,"Paldau",\N,\N
1673,83,1619,1619,"Perlsdorf",\N,\N
1674,83,1620,1620,"Pertlstein",\N,\N
1675,83,1621,1621,"Petersdorf II",\N,\N
1676,83,1622,1622,"Pirching am Traubenberg",\N,\N
1677,83,1623,1623,"Poppendorf",\N,\N
1678,83,1624,1624,"Raabau",\N,\N
1679,83,1625,1625,"Raning",\N,\N
1680,83,1626,1626,"Riegersburg",\N,\N
1681,83,1627,1627,"Sankt Anna am Aigen",\N,\N
1682,83,1628,1628,"Sankt Stefan im Rosental",\N,\N
1683,83,1629,1629,"Schwarzau im Schwarzautal",\N,\N
1684,83,1630,1630,"Stainz bei Straden",\N,\N
1685,83,1631,1631,"Studenzen",\N,\N
1686,83,1632,1632,"Trautmannsdorf in Oststeiermark",\N,\N
1687,83,1633,1633,"Unterauersbach",\N,\N
1688,83,1634,1634,"Unterlamm",\N,\N
1689,83,1635,1635,"Zerlach",\N,\N
1690,84,1637,1637,"Altenmarkt bei Fürstenfeld",\N,\N
1691,84,1638,1638,"Bad Blumau",\N,\N
1692,84,1639,1639,"Burgau",\N,\N
1693,84,1640,1640,"Fürstenfeld",\N,\N
1694,84,1641,1641,"Großsteinbach",\N,\N
1695,84,1642,1642,"Großwilfersdorf",\N,\N
1696,84,1643,1643,"Hainersdorf",\N,\N
1697,84,1644,1644,"Ilz",\N,\N
1698,84,1645,1645,"Loipersdorf bei Fürstenfeld",\N,\N
1699,84,1646,1646,"Nestelbach im Ilztal",\N,\N
1700,84,1647,1647,"Ottendorf an der Rittschein",\N,\N
1701,84,1649,1649,"Söchau",\N,\N
1702,84,1648,1648,"Stein",\N,\N
1703,84,1650,1650,"Übersbach",\N,\N
1704,85,1654,1654,"Attendorf",\N,\N
1705,85,1655,1655,"Brodingberg",\N,\N
1706,85,1656,1656,"Deutschfeistritz",\N,\N
1707,85,1657,1657,"Dobl",\N,\N
1708,85,1658,1658,"Edelsgrub",\N,\N
1709,85,1659,1659,"Eggersdorf bei Graz",\N,\N
1710,85,1660,1660,"Eisbach",\N,\N
1711,85,1661,1661,"Feldkirchen bei Graz",\N,\N
1712,85,1662,1662,"Fernitz",\N,\N
1713,85,1663,1663,"Frohnleiten",\N,\N
1714,85,1669,1669,"Gössendorf",\N,\N
1715,85,1664,1664,"Grambach",\N,\N
1716,85,1665,1665,"Gratkorn",\N,\N
1717,85,1666,1666,"Gratwein",\N,\N
1718,85,1667,1667,"Großstübing",\N,\N
1719,85,1668,1668,"Gschnaidt",\N,\N
1720,85,1670,1670,"Hart bei Graz",\N,\N
1721,85,1671,1671,"Haselsdorf-Tobelbad",\N,\N
1722,85,1672,1672,"Hausmannstätten",\N,\N
1723,85,1673,1673,"Hitzendorf",\N,\N
1724,85,1674,1674,"Höf-Präbach",\N,\N
1725,85,1675,1675,"Judendorf-Straßengel",\N,\N
1726,85,1676,1676,"Kainbach bei Graz",\N,\N
1727,85,1677,1677,"Kalsdorf bei Graz",\N,\N
1728,85,1678,1678,"Krumegg",\N,\N
1729,85,1679,1679,"Kumberg",\N,\N
1730,85,1680,1680,"Langegg bei Graz",\N,\N
1731,85,1681,1681,"Laßnitzhöhe",\N,\N
1732,85,1682,1682,"Lieboch",\N,\N
1733,85,1683,1683,"Mellach",\N,\N
1734,85,1684,1684,"Nestelbach bei Graz",\N,\N
1735,85,1685,1685,"Peggau",\N,\N
1736,85,1686,1686,"Pirka",\N,\N
1737,85,1687,1687,"Purgstall bei Eggersdorf",\N,\N
1738,85,1688,1688,"Raaba",\N,\N
1739,85,1690,1690,"Röthelstein",\N,\N
1740,85,1689,1689,"Rohrbach-Steinberg",\N,\N
1741,85,1691,1691,"Sankt Bartholomä",\N,\N
1742,85,1692,1692,"Sankt Marein bei Graz",\N,\N
1743,85,1693,1693,"Sankt Oswald bei Plankenwarth",\N,\N
1744,85,1694,1694,"Sankt Radegund bei Graz",\N,\N
1745,85,1695,1695,"Schrems bei Frohnleiten",\N,\N
1746,85,1696,1696,"Seiersberg",\N,\N
1747,85,1697,1697,"Semriach",\N,\N
1748,85,1698,1698,"Stattegg",\N,\N
1749,85,1699,1699,"Stiwoll",\N,\N
1750,85,1700,1700,"Thal",\N,\N
1751,85,1701,1701,"Tulwitz",\N,\N
1752,85,1702,1702,"Tyrnau",\N,\N
1753,85,1710,1710,"Übelbach",\N,\N
1754,85,1703,1703,"Unterpremstätten",\N,\N
1755,85,1704,1704,"Vasoldsberg",\N,\N
1756,85,1705,1705,"Weinitzen",\N,\N
1757,85,1706,1706,"Werndorf",\N,\N
1758,85,1707,1707,"Wundschuh",\N,\N
1759,85,1708,1708,"Zettling",\N,\N
1760,85,1709,1709,"Zwaring-Pöls",\N,\N
1761,86,1713,1713,"Blaindorf",\N,\N
1762,86,1714,1714,"Buch-Geiseldorf",\N,\N
1763,86,1715,1715,"Dechantskirchen",\N,\N
1764,86,1716,1716,"Dienersdorf",\N,\N
1765,86,1717,1717,"Ebersdorf",\N,\N
1766,86,1719,1719,"Friedberg",\N,\N
1767,86,1720,1720,"Grafendorf bei Hartberg",\N,\N
1768,86,1721,1721,"Greinbach",\N,\N
1769,86,1722,1722,"Großhart",\N,\N
1770,86,1723,1723,"Hartberg",\N,\N
1771,86,1724,1724,"Hartberg Umgebung",\N,\N
1772,86,1725,1725,"Hartl",\N,\N
1773,86,1726,1726,"Hofkirchen bei Hartberg",\N,\N
1774,86,1727,1727,"Kaibing",\N,\N
1775,86,1728,1728,"Kaindorf",\N,\N
1776,86,1718,1718,"Eichberg",\N,\N
1777,86,1729,1729,"Lafnitz",\N,\N
1778,86,1730,1730,"Limbach bei Neudau",\N,\N
1779,86,1731,1731,"Mönichwald",\N,\N
1780,86,1732,1732,"Neudau",\N,\N
1781,86,1733,1733,"Pinggau",\N,\N
1782,86,1735,1735,"Pöllau",\N,\N
1783,86,1736,1736,"Pöllauberg",\N,\N
1784,86,1734,1734,"Puchegg",\N,\N
1785,86,1737,1737,"Rabenwald",\N,\N
1786,86,1738,1738,"Riegersberg",\N,\N
1787,86,1739,1739,"Rohr bei Hartberg",\N,\N
1788,86,1740,1740,"Rohrbach an der Lafnitz",\N,\N
1789,86,1741,1741,"Saifen-Boden",\N,\N
1790,86,1742,1742,"Sankt Jakob im Walde",\N,\N
1791,86,1743,1743,"Sankt Johann bei Herberstein",\N,\N
1792,86,1744,1744,"Sankt Johann in der Haide",\N,\N
1793,86,1745,1745,"Sankt Lorenzen am Wechsel",\N,\N
1794,86,1746,1746,"Sankt Magdalena am Lemberg",\N,\N
1795,86,1747,1747,"Schachen bei Vorau",\N,\N
1796,86,1749,1749,"Schäffern",\N,\N
1797,86,1748,1748,"Schlag bei Thalberg",\N,\N
1798,86,1750,1750,"Schönegg bei Pöllau",\N,\N
1799,86,1751,1751,"Sebersdorf",\N,\N
1800,86,1752,1752,"Siegersdorf bei Herberstein",\N,\N
1801,86,1753,1753,"Sonnhofen",\N,\N
1802,86,1754,1754,"Stambach",\N,\N
1803,86,1755,1755,"Stubenberg",\N,\N
1804,86,1756,1756,"Tiefenbach bei Kaindorf",\N,\N
1805,86,1757,1757,"Vorau",\N,\N
1806,86,1758,1758,"Vornholz",\N,\N
1807,86,1759,1759,"Waldbach",\N,\N
1808,86,1712,1712,"Bad Waltersdorf",\N,\N
1809,86,1760,1760,"Wenigzell",\N,\N
1810,86,1761,1761,"Wörth an der Lafnitz",\N,\N
1811,87,1763,1763,"Amering",\N,\N
1812,87,1764,1764,"Bretstein",\N,\N
1813,87,1765,1765,"Eppenstein",\N,\N
1814,87,1766,1766,"Fohnsdorf",\N,\N
1815,87,1767,1767,"Hohentauern",\N,\N
1816,87,1768,1768,"Judenburg",\N,\N
1817,87,1783,1783,"Sankt Wolfgang-Kienberg",\N,\N
1818,87,1778,1778,"Sankt Anna am Lavantegg",\N,\N
1819,87,1769,1769,"Maria Buch-Feistritz",\N,\N
1820,87,1770,1770,"Obdach",\N,\N
1821,87,1771,1771,"Oberkurzheim",\N,\N
1822,87,1772,1772,"Oberweg",\N,\N
1823,87,1773,1773,"Oberzeiring",\N,\N
1824,87,1775,1775,"Pöls",\N,\N
1825,87,1774,1774,"Pusterwald",\N,\N
1826,87,1776,1776,"Reifling",\N,\N
1827,87,1777,1777,"Reisstraße",\N,\N
1828,87,1779,1779,"Sankt Georgen ob Judenburg",\N,\N
1829,87,1780,1780,"Sankt Johann am Tauern",\N,\N
1830,87,1781,1781,"Sankt Oswald-Möderbrugg",\N,\N
1831,87,1782,1782,"Sankt Peter ob Judenburg",\N,\N
1832,87,1784,1784,"Unzmarkt-Frauenburg",\N,\N
1833,87,1785,1785,"Weißkirchen in Steiermark",\N,\N
1834,87,1786,1786,"Zeltweg",\N,\N
1835,88,1788,1788,"Apfelberg",\N,\N
1836,88,1789,1789,"Feistritz bei Knittelfeld",\N,\N
1837,88,1790,1790,"Flatschach",\N,\N
1838,88,1791,1791,"Gaal",\N,\N
1839,88,1792,1792,"Großlobming",\N,\N
1840,88,1793,1793,"Kleinlobming",\N,\N
1841,88,1794,1794,"Knittelfeld",\N,\N
1842,88,1795,1795,"Kobenz",\N,\N
1843,88,1796,1796,"Rachau",\N,\N
1844,88,1797,1797,"Sankt Lorenzen bei Knittelfeld",\N,\N
1845,88,1798,1798,"Sankt Marein bei Knittelfeld",\N,\N
1846,88,1799,1799,"Sankt Margarethen bei Knittelfeld",\N,\N
1847,88,1800,1800,"Seckau",\N,\N
1848,88,1801,1801,"Spielberg bei Knittelfeld",\N,\N
1849,89,1803,1803,"Allerheiligen bei Wildon",\N,\N
1850,89,1804,1804,"Arnfels",\N,\N
1851,89,1805,1805,"Berghausen",\N,\N
1852,89,1806,1806,"Breitenfeld am Tannenriegel",\N,\N
1853,89,1807,1807,"Ehrenhausen",\N,\N
1854,89,1808,1808,"Eichberg-Trautenburg",\N,\N
1855,89,1809,1809,"Empersdorf",\N,\N
1856,89,1810,1810,"Gabersdorf",\N,\N
1857,89,1811,1811,"Gamlitz",\N,\N
1858,89,1812,1812,"Glanz an der Weinstraße",\N,\N
1859,89,1813,1813,"Gleinstätten",\N,\N
1860,89,1814,1814,"Gralla",\N,\N
1861,89,1815,1815,"Großklein",\N,\N
1862,89,1816,1816,"Hainsdorf im Schwarzautal",\N,\N
1863,89,1817,1817,"Heiligenkreuz am Waasen",\N,\N
1864,89,1818,1818,"Heimschuh",\N,\N
1865,89,1819,1819,"Hengsberg",\N,\N
1866,89,1820,1820,"Kaindorf an der Sulm",\N,\N
1867,89,1821,1821,"Kitzeck im Sausal",\N,\N
1868,89,1822,1822,"Lang",\N,\N
1869,89,1823,1823,"Lebring-Sankt Margarethen",\N,\N
1870,89,1824,1824,"Leibnitz",\N,\N
1871,89,1825,1825,"Leutschach",\N,\N
1872,89,1826,1826,"Oberhaag",\N,\N
1873,89,1827,1827,"Obervogau",\N,\N
1874,89,1828,1828,"Pistorf",\N,\N
1875,89,1829,1829,"Ragnitz",\N,\N
1876,89,1830,1830,"Ratsch an der Weinstraße",\N,\N
1877,89,1831,1831,"Retznei",\N,\N
1878,89,1832,1832,"Sankt Andrä-Höch",\N,\N
1879,89,1833,1833,"Sankt Georgen an der Stiefing",\N,\N
1880,89,1834,1834,"Sankt Johann im Saggautal",\N,\N
1881,89,1835,1835,"Sankt Nikolai im Sausal",\N,\N
1882,89,1836,1836,"Sankt Nikolai ob Draßling",\N,\N
1883,89,1837,1837,"Sankt Ulrich am Waasen",\N,\N
1884,89,1838,1838,"Sankt Veit am Vogau",\N,\N
1885,89,1839,1839,"Schloßberg",\N,\N
1886,89,1840,1840,"Seggauberg",\N,\N
1887,89,1841,1841,"Spielfeld",\N,\N
1888,89,1842,1842,"Stocking",\N,\N
1889,89,1843,1843,"Straß in Steiermark",\N,\N
1890,89,1844,1844,"Sulztal an der Weinstraße",\N,\N
1891,89,1845,1845,"Tillmitsch",\N,\N
1892,89,1846,1846,"Vogau",\N,\N
1893,89,1847,1847,"Wagna",\N,\N
1894,89,1848,1848,"Weitendorf",\N,\N
1895,89,1849,1849,"Wildon",\N,\N
1896,89,1850,1850,"Wolfsberg im Schwarzautal",\N,\N
1897,90,1852,1852,"Eisenerz",\N,\N
1898,90,1853,1853,"Gai",\N,\N
1899,90,1854,1854,"Hafning bei Trofaiach",\N,\N
1900,90,1855,1855,"Hieflau",\N,\N
1901,90,1856,1856,"Kalwang",\N,\N
1902,90,1857,1857,"Kammern im Liesingtal",\N,\N
1903,90,1858,1858,"Kraubath an der Mur",\N,\N
1904,90,1859,1859,"Leoben",\N,\N
1905,90,1860,1860,"Mautern in Steiermark",\N,\N
1906,90,1861,1861,"Niklasdorf",\N,\N
1907,90,1862,1862,"Proleb",\N,\N
1908,90,1863,1863,"Radmer",\N,\N
1909,90,1864,1864,"Sankt Michael in Obersteiermark",\N,\N
1910,90,1865,1865,"Sankt Peter-Freienstein",\N,\N
1911,90,1866,1866,"Sankt Stefan ob Leoben",\N,\N
1912,90,1867,1867,"Traboch",\N,\N
1913,90,1868,1868,"Trofaiach",\N,\N
1914,90,1869,1869,"Vordernberg",\N,\N
1915,90,1870,1870,"Wald am Schoberpaß",\N,\N
1916,91,1872,1872,"Admont",\N,\N
1917,91,1873,1873,"Aich",\N,\N
1918,91,1874,1874,"Aigen im Ennstal",\N,\N
1919,91,1875,1875,"Altaussee",\N,\N
1920,91,1876,1876,"Altenmarkt bei Sankt Gallen",\N,\N
1921,91,1877,1877,"Ardning",\N,\N
1922,91,1878,1878,"Bad Aussee",\N,\N
1923,91,1880,1880,"Donnersbach",\N,\N
1924,91,1881,1881,"Donnersbachwald",\N,\N
1925,91,1882,1882,"Gaishorn am See",\N,\N
1926,91,1883,1883,"Gams bei Hieflau",\N,\N
1927,91,1887,1887,"Gössenberg",\N,\N
1928,91,1886,1886,"Gröbming",\N,\N
1929,91,1884,1884,"Großsölk",\N,\N
1930,91,1885,1885,"Grundlsee",\N,\N
1931,91,1888,1888,"Hall",\N,\N
1932,91,1889,1889,"Haus",\N,\N
1933,91,1890,1890,"Irdning",\N,\N
1934,91,1891,1891,"Johnsbach",\N,\N
1935,91,1892,1892,"Kleinsölk",\N,\N
1936,91,1893,1893,"Landl",\N,\N
1937,91,1894,1894,"Lassing",\N,\N
1938,91,1895,1895,"Liezen",\N,\N
1939,91,1896,1896,"Michaelerberg",\N,\N
1940,91,1897,1897,"Mitterberg",\N,\N
1941,91,1879,1879,"Bad Mitterndorf",\N,\N
1942,91,1898,1898,"Niederöblarn",\N,\N
1943,91,1922,1922,"Öblarn",\N,\N
1944,91,1899,1899,"Oppenberg",\N,\N
1945,91,1900,1900,"Palfau",\N,\N
1946,91,1902,1902,"Pichl-Preunegg",\N,\N
1947,91,1901,1901,"Pichl-Kainisch",\N,\N
1948,91,1903,1903,"Pruggern",\N,\N
1949,91,1904,1904,"Pürgg-Trautenfels",\N,\N
1950,91,1905,1905,"Ramsau am Dachstein",\N,\N
1951,91,1906,1906,"Rohrmoos-Untertal",\N,\N
1952,91,1907,1907,"Rottenmann",\N,\N
1953,91,1908,1908,"Sankt Gallen",\N,\N
1954,91,1909,1909,"Sankt Martin am Grimming",\N,\N
1955,91,1910,1910,"Sankt Nikolai im Sölktal",\N,\N
1956,91,1911,1911,"Schladming",\N,\N
1957,91,1912,1912,"Selzthal",\N,\N
1958,91,1913,1913,"Stainach",\N,\N
1959,91,1914,1914,"Tauplitz",\N,\N
1960,91,1915,1915,"Treglwang",\N,\N
1961,91,1916,1916,"Trieben",\N,\N
1962,91,1917,1917,"Weißenbach an der Enns",\N,\N
1963,91,1918,1918,"Weißenbach bei Liezen",\N,\N
1964,91,1919,1919,"Weng bei Admont",\N,\N
1965,91,1920,1920,"Wildalpen",\N,\N
1966,91,1921,1921,"Wörschach",\N,\N
1967,92,1960,1960,"Allerheiligen im Mürztal",\N,\N
1968,92,1961,1961,"Altenberg an der Rax",\N,\N
1969,92,1962,1962,"Ganz",\N,\N
1970,92,1963,1963,"Kapellen",\N,\N
1971,92,1964,1964,"Kindberg",\N,\N
1972,92,1965,1965,"Krieglach",\N,\N
1973,92,1966,1966,"Langenwang",\N,\N
1974,92,1967,1967,"Mitterdorf im Mürztal",\N,\N
1975,92,1968,1968,"Mürzhofen",\N,\N
1976,92,1969,1969,"Mürzsteg",\N,\N
1977,92,1970,1970,"Mürzzuschlag",\N,\N
1978,92,1971,1971,"Neuberg an der Mürz",\N,\N
1979,92,1972,1972,"Spital am Semmering",\N,\N
1980,92,1973,1973,"Stanz im Mürztal",\N,\N
1981,92,1974,1974,"Veitsch",\N,\N
1982,92,1975,1975,"Wartberg im Mürztal",\N,\N
1983,93,1924,1924,"Dürnstein in der Steiermark",\N,\N
1984,93,1925,1925,"Falkendorf",\N,\N
1985,93,1926,1926,"Frojach-Katsch",\N,\N
1986,93,1927,1927,"Krakaudorf",\N,\N
1987,93,1928,1928,"Krakauhintermühlen",\N,\N
1988,93,1929,1929,"Krakauschatten",\N,\N
1989,93,1930,1930,"Kulm am Zirbitz",\N,\N
1990,93,1931,1931,"Laßnitz bei Murau",\N,\N
1991,93,1932,1932,"Mariahof",\N,\N
1992,93,1934,1934,"Mühlen",\N,\N
1993,93,1933,1933,"Murau",\N,\N
1994,93,1935,1935,"Neumarkt in Steiermark",\N,\N
1995,93,1936,1936,"Niederwölz",\N,\N
1996,93,1937,1937,"Oberwölz Stadt",\N,\N
1997,93,1938,1938,"Oberwölz Umgebung",\N,\N
1998,93,1939,1939,"Perchau am Sattel",\N,\N
1999,93,1940,1940,"Predlitz-Turrach",\N,\N
2000,93,1941,1941,"Ranten",\N,\N
2001,93,1942,1942,"Rinegg",\N,\N
2002,93,1943,1943,"Sankt Blasen",\N,\N
2003,93,1944,1944,"Sankt Georgen ob Murau",\N,\N
2004,93,1945,1945,"Sankt Lambrecht",\N,\N
2005,93,1946,1946,"Sankt Lorenzen bei Scheifling",\N,\N
2006,93,1947,1947,"Sankt Marein bei Neumarkt",\N,\N
2007,93,1948,1948,"Sankt Peter am Kammersberg",\N,\N
2008,93,1949,1949,"Sankt Ruprecht ob Murau",\N,\N
2009,93,1950,1950,"Scheifling",\N,\N
2010,93,1951,1951,"Schöder",\N,\N
2011,93,1952,1952,"Schönberg-Lachtal",\N,\N
2012,93,1953,1953,"Stadl an der Mur",\N,\N
2013,93,1954,1954,"Stolzalpe",\N,\N
2014,93,1955,1955,"Teufenbach",\N,\N
2015,93,1956,1956,"Triebendorf",\N,\N
2016,93,1957,1957,"Winklern bei Oberwölz",\N,\N
2017,93,1958,1958,"Zeutschach",\N,\N
2018,94,1978,1978,"Bierbaum am Auersbach",\N,\N
2019,94,1979,1979,"Deutsch Goritz",\N,\N
2020,94,1980,1980,"Dietersdorf am Gnasbach",\N,\N
2021,94,1981,1981,"Eichfeld",\N,\N
2022,94,1982,1982,"Gosdorf",\N,\N
2023,94,1983,1983,"Halbenrain",\N,\N
2024,94,1984,1984,"Hof bei Straden",\N,\N
2025,94,1985,1985,"Klöch",\N,\N
2026,94,1986,1986,"Mettersdorf am Saßbach",\N,\N
2027,94,1987,1987,"Mureck",\N,\N
2028,94,1988,1988,"Murfeld",\N,\N
2029,94,1977,1977,"Bad Radkersburg",\N,\N
2030,94,1989,1989,"Radkersburg Umgebung",\N,\N
2031,94,1990,1990,"Ratschendorf",\N,\N
2032,94,1991,1991,"Sankt Peter am Ottersbach",\N,\N
2033,94,1992,1992,"Straden",\N,\N
2034,94,1993,1993,"Tieschen",\N,\N
2035,94,1994,1994,"Trössing",\N,\N
2036,94,1995,1995,"Weinburg am Saßbach",\N,\N
2037,95,1997,1997,"Bärnbach",\N,\N
2038,95,1998,1998,"Edelschrott",\N,\N
2039,95,1999,1999,"Gallmannsegg",\N,\N
2040,95,2000,2000,"Geistthal",\N,\N
2041,95,2002,2002,"Gößnitz",\N,\N
2042,95,2001,2001,"Graden",\N,\N
2043,95,2003,2003,"Hirschegg",\N,\N
2044,95,2004,2004,"Kainach bei Voitsberg",\N,\N
2045,95,2007,2007,"Köflach",\N,\N
2046,95,2005,2005,"Kohlschwarz",\N,\N
2047,95,2006,2006,"Krottendorf-Gaisfeld",\N,\N
2048,95,2008,2008,"Ligist",\N,\N
2049,95,2009,2009,"Maria Lankowitz",\N,\N
2050,95,2010,2010,"Modriach",\N,\N
2051,95,2011,2011,"Mooskirchen",\N,\N
2052,95,2012,2012,"Pack",\N,\N
2053,95,2013,2013,"Piberegg",\N,\N
2054,95,2014,2014,"Rosental an der Kainach",\N,\N
2055,95,2015,2015,"Salla",\N,\N
2056,95,2016,2016,"Sankt Johann-Köppling",\N,\N
2057,95,2017,2017,"Sankt Martin am Wöllmißberg",\N,\N
2058,95,2019,2019,"Söding",\N,\N
2059,95,2020,2020,"Södingberg",\N,\N
2060,95,2018,2018,"Stallhofen",\N,\N
2061,95,2021,2021,"Voitsberg",\N,\N
2062,96,2023,2023,"Albersdorf-Prebuch",\N,\N
2063,96,2024,2024,"Anger",\N,\N
2064,96,2025,2025,"Arzberg",\N,\N
2065,96,2026,2026,"Baierdorf bei Anger",\N,\N
2066,96,2027,2027,"Birkfeld",\N,\N
2067,96,2028,2028,"Etzersdorf-Rollsdorf",\N,\N
2068,96,2029,2029,"Feistritz bei Anger",\N,\N
2069,96,2030,2030,"Fischbach",\N,\N
2070,96,2031,2031,"Fladnitz an der Teichalm",\N,\N
2071,96,2032,2032,"Floing",\N,\N
2072,96,2033,2033,"Gasen",\N,\N
2073,96,2034,2034,"Gersdorf an der Feistritz",\N,\N
2074,96,2035,2035,"Gleisdorf",\N,\N
2075,96,2036,2036,"Gschaid bei Birkfeld",\N,\N
2076,96,2037,2037,"Gutenberg an der Raabklamm",\N,\N
2077,96,2049,2049,"Markt Hartmannsdorf",\N,\N
2078,96,2038,2038,"Haslau bei Birkfeld",\N,\N
2079,96,2039,2039,"Hirnsdorf",\N,\N
2080,96,2040,2040,"Hofstätten an der Raab",\N,\N
2081,96,2041,2041,"Hohenau an der Raab",\N,\N
2082,96,2042,2042,"Ilztal",\N,\N
2083,96,2043,2043,"Koglhof",\N,\N
2084,96,2044,2044,"Krottendorf",\N,\N
2085,96,2045,2045,"Kulm bei Weiz",\N,\N
2086,96,2046,2046,"Labuch",\N,\N
2087,96,2047,2047,"Laßnitzthal",\N,\N
2088,96,2048,2048,"Ludersdorf-Wilfersdorf",\N,\N
2089,96,2050,2050,"Miesenbach bei Birkfeld",\N,\N
2090,96,2051,2051,"Mitterdorf an der Raab",\N,\N
2091,96,2052,2052,"Mortantsch",\N,\N
2092,96,2053,2053,"Naas",\N,\N
2093,96,2054,2054,"Naintsch",\N,\N
2094,96,2055,2055,"Neudorf bei Passail",\N,\N
2095,96,2056,2056,"Nitscha",\N,\N
2096,96,2057,2057,"Oberrettenbach",\N,\N
2097,96,2058,2058,"Passail",\N,\N
2098,96,2059,2059,"Pischelsdorf in der Steiermark",\N,\N
2099,96,2060,2060,"Preßguts",\N,\N
2100,96,2061,2061,"Puch bei Weiz",\N,\N
2101,96,2062,2062,"Ratten",\N,\N
2102,96,2063,2063,"Reichendorf",\N,\N
2103,96,2064,2064,"Rettenegg",\N,\N
2104,96,2065,2065,"Sankt Kathrein am Hauenstein",\N,\N
2105,96,2066,2066,"Sankt Kathrein am Offenegg",\N,\N
2106,96,2067,2067,"Sankt Margarethen an der Raab",\N,\N
2107,96,2068,2068,"Sankt Ruprecht an der Raab",\N,\N
2108,96,2069,2069,"Sinabelkirchen",\N,\N
2109,96,2070,2070,"Stenzengreith",\N,\N
2110,96,2071,2071,"Strallegg",\N,\N
2111,96,2072,2072,"Thannhausen",\N,\N
2112,96,2073,2073,"Ungerdorf",\N,\N
2113,96,2074,2074,"Unterfladnitz",\N,\N
2114,96,2075,2075,"Waisenegg",\N,\N
2115,96,2076,2076,"Weiz",\N,\N
2116,97,2170,2170,"Innsbruck-Stadt",\N,\N
2117,98,2079,2079,"Arzl im Pitztal",\N,\N
2118,98,2080,2080,"Haiming",\N,\N
2119,98,2081,2081,"Imst",\N,\N
2120,98,2082,2082,"Imsterberg",\N,\N
2121,98,2083,2083,"Jerzens",\N,\N
2122,98,2084,2084,"Karres",\N,\N
2123,98,2085,2085,"Karrösten",\N,\N
2124,98,2086,2086,"Längenfeld",\N,\N
2125,98,2087,2087,"Mieming",\N,\N
2126,98,2088,2088,"Mils bei Imst",\N,\N
2127,98,2089,2089,"Mötz",\N,\N
2128,98,2090,2090,"Nassereith",\N,\N
2129,98,2091,2091,"Obsteig",\N,\N
2130,98,2092,2092,"Oetz",\N,\N
2131,98,2093,2093,"Rietz",\N,\N
2132,98,2094,2094,"Roppen",\N,\N
2133,98,2095,2095,"Sankt Leonhard im Pitztal",\N,\N
2134,98,2096,2096,"Sautens",\N,\N
2135,98,2097,2097,"Silz",\N,\N
2136,98,2099,2099,"Sölden",\N,\N
2137,98,2098,2098,"Stams",\N,\N
2138,98,2100,2100,"Tarrenz",\N,\N
2139,98,2101,2101,"Umhausen",\N,\N
2140,98,2102,2102,"Wenns",\N,\N
2141,99,2104,2104,"Absam",\N,\N
2142,99,2105,2105,"Aldrans",\N,\N
2143,99,2106,2106,"Ampass",\N,\N
2144,99,2107,2107,"Axams",\N,\N
2145,99,2108,2108,"Baumkirchen",\N,\N
2146,99,2109,2109,"Birgitz",\N,\N
2147,99,2110,2110,"Ellbögen",\N,\N
2148,99,2111,2111,"Flaurling",\N,\N
2149,99,2112,2112,"Fritzens",\N,\N
2150,99,2113,2113,"Fulpmes",\N,\N
2151,99,2114,2114,"Gnadenwald",\N,\N
2152,99,2119,2119,"Götzens",\N,\N
2153,99,2115,2115,"Gries am Brenner",\N,\N
2154,99,2116,2116,"Gries im Sellrain",\N,\N
2155,99,2117,2117,"Grinzens",\N,\N
2156,99,2118,2118,"Gschnitz",\N,\N
2157,99,2121,2121,"Hatting",\N,\N
2158,99,2122,2122,"Inzing",\N,\N
2159,99,2123,2123,"Kematen in Tirol",\N,\N
2160,99,2124,2124,"Kolsass",\N,\N
2161,99,2125,2125,"Kolsassberg",\N,\N
2162,99,2126,2126,"Lans",\N,\N
2163,99,2127,2127,"Leutasch",\N,\N
2164,99,2128,2128,"Matrei am Brenner",\N,\N
2165,99,2129,2129,"Mieders",\N,\N
2166,99,2130,2130,"Mils",\N,\N
2167,99,2132,2132,"Mühlbachl",\N,\N
2168,99,2131,2131,"Mutters",\N,\N
2169,99,2133,2133,"Natters",\N,\N
2170,99,2134,2134,"Navis",\N,\N
2171,99,2135,2135,"Neustift im Stubaital",\N,\N
2172,99,2136,2136,"Oberhofen im Inntal",\N,\N
2173,99,2137,2137,"Obernberg am Brenner",\N,\N
2174,99,2138,2138,"Oberperfuss",\N,\N
2175,99,2139,2139,"Patsch",\N,\N
2176,99,2140,2140,"Pettnau",\N,\N
2177,99,2141,2141,"Pfaffenhofen",\N,\N
2178,99,2142,2142,"Pfons",\N,\N
2179,99,2143,2143,"Polling in Tirol",\N,\N
2180,99,2144,2144,"Ranggen",\N,\N
2181,99,2145,2145,"Reith bei Seefeld",\N,\N
2182,99,2146,2146,"Rinn",\N,\N
2183,99,2147,2147,"Rum",\N,\N
2184,99,2148,2148,"Sankt Sigmund im Sellrain",\N,\N
2185,99,2149,2149,"Scharnitz",\N,\N
2186,99,2150,2150,"Schmirn",\N,\N
2187,99,2151,2151,"Schönberg im Stubaital",\N,\N
2188,99,2152,2152,"Seefeld in Tirol",\N,\N
2189,99,2153,2153,"Sellrain",\N,\N
2190,99,2154,2154,"Sistrans",\N,\N
2191,99,2120,2120,"Hall in Tirol",\N,\N
2192,99,2155,2155,"Steinach am Brenner",\N,\N
2193,99,2156,2156,"Telfes im Stubai",\N,\N
2194,99,2157,2157,"Telfs",\N,\N
2195,99,2158,2158,"Thaur",\N,\N
2196,99,2159,2159,"Trins",\N,\N
2197,99,2160,2160,"Tulfes",\N,\N
2198,99,2161,2161,"Unterperfuss",\N,\N
2199,99,2162,2162,"Vals",\N,\N
2200,99,2164,2164,"Völs",\N,\N
2201,99,2163,2163,"Volders",\N,\N
2202,99,2165,2165,"Wattenberg",\N,\N
2203,99,2166,2166,"Wattens",\N,\N
2204,99,2167,2167,"Wildermieming",\N,\N
2205,99,2168,2168,"Zirl",\N,\N
2206,100,2172,2172,"Aurach bei Kitzbühel",\N,\N
2207,100,2173,2173,"Brixen im Thale",\N,\N
2208,100,2174,2174,"Fieberbrunn",\N,\N
2209,100,2175,2175,"Going am Wilden Kaiser",\N,\N
2210,100,2176,2176,"Hochfilzen",\N,\N
2211,100,2177,2177,"Hopfgarten im Brixental",\N,\N
2212,100,2178,2178,"Itter",\N,\N
2213,100,2179,2179,"Jochberg",\N,\N
2214,100,2180,2180,"Kirchberg in Tirol",\N,\N
2215,100,2181,2181,"Kirchdorf in Tirol",\N,\N
2216,100,2182,2182,"Kitzbühel",\N,\N
2217,100,2183,2183,"Kössen",\N,\N
2218,100,2184,2184,"Oberndorf in Tirol",\N,\N
2219,100,2185,2185,"Reith bei Kitzbühel",\N,\N
2220,100,2186,2186,"Sankt Jakob in Haus",\N,\N
2221,100,2187,2187,"Sankt Johann in Tirol",\N,\N
2222,100,2188,2188,"Sankt Ulrich am Pillersee",\N,\N
2223,100,2189,2189,"Schwendt",\N,\N
2224,100,2190,2190,"Waidring",\N,\N
2225,100,2191,2191,"Westendorf",\N,\N
2226,101,2193,2193,"Alpbach",\N,\N
2227,101,2194,2194,"Angath",\N,\N
2228,101,2196,2196,"Bad Häring",\N,\N
2229,101,2197,2197,"Brandenberg",\N,\N
2230,101,2198,2198,"Breitenbach am Inn",\N,\N
2231,101,2199,2199,"Brixlegg",\N,\N
2232,101,2200,2200,"Ebbs",\N,\N
2233,101,2201,2201,"Ellmau",\N,\N
2234,101,2202,2202,"Erl",\N,\N
2235,101,2203,2203,"Kirchbichl",\N,\N
2236,101,2204,2204,"Kramsach",\N,\N
2237,101,2205,2205,"Kufstein",\N,\N
2238,101,2206,2206,"Kundl",\N,\N
2239,101,2207,2207,"Langkampfen",\N,\N
2240,101,2208,2208,"Mariastein",\N,\N
2241,101,2209,2209,"Münster",\N,\N
2242,101,2210,2210,"Niederndorf",\N,\N
2243,101,2211,2211,"Niederndorferberg",\N,\N
2244,101,2212,2212,"Radfeld",\N,\N
2245,101,2213,2213,"Rattenberg",\N,\N
2246,101,2214,2214,"Reith im Alpbachtal",\N,\N
2247,101,2215,2215,"Rettenschöss",\N,\N
2248,101,2216,2216,"Scheffau am Wilden Kaiser",\N,\N
2249,101,2217,2217,"Schwoich",\N,\N
2250,101,2218,2218,"Söll",\N,\N
2251,101,2219,2219,"Thiersee",\N,\N
2252,101,2195,2195,"Angerberg",\N,\N
2253,101,2220,2220,"Walchsee",\N,\N
2254,101,2221,2221,"Wildschönau",\N,\N
2255,101,2222,2222,"Wörgl",\N,\N
2256,102,2224,2224,"Faggen",\N,\N
2257,102,2225,2225,"Fendels",\N,\N
2258,102,2226,2226,"Fiss",\N,\N
2259,102,2227,2227,"Fließ",\N,\N
2260,102,2228,2228,"Flirsch",\N,\N
2261,102,2229,2229,"Galtür",\N,\N
2262,102,2230,2230,"Grins",\N,\N
2263,102,2231,2231,"Ischgl",\N,\N
2264,102,2232,2232,"Kappl",\N,\N
2265,102,2233,2233,"Kaunerberg",\N,\N
2266,102,2234,2234,"Kaunertal",\N,\N
2267,102,2235,2235,"Kauns",\N,\N
2268,102,2236,2236,"Ladis",\N,\N
2269,102,2237,2237,"Landeck",\N,\N
2270,102,2238,2238,"Nauders",\N,\N
2271,102,2239,2239,"Pettneu am Arlberg",\N,\N
2272,102,2240,2240,"Pfunds",\N,\N
2273,102,2241,2241,"Pians",\N,\N
2274,102,2242,2242,"Prutz",\N,\N
2275,102,2243,2243,"Ried im Oberinntal",\N,\N
2276,102,2244,2244,"Sankt Anton am Arlberg",\N,\N
2277,102,2245,2245,"Schönwies",\N,\N
2278,102,2246,2246,"See",\N,\N
2279,102,2247,2247,"Serfaus",\N,\N
2280,102,2248,2248,"Spiss",\N,\N
2281,102,2249,2249,"Stanz bei Landeck",\N,\N
2282,102,2250,2250,"Strengen",\N,\N
2283,102,2251,2251,"Tobadill",\N,\N
2284,102,2252,2252,"Tösens",\N,\N
2285,102,2253,2253,"Zams",\N,\N
2286,103,2255,2255,"Abfaltersbach",\N,\N
2287,103,2256,2256,"Ainet",\N,\N
2288,103,2257,2257,"Amlach",\N,\N
2289,103,2258,2258,"Anras",\N,\N
2290,103,2259,2259,"Assling",\N,\N
2291,103,2260,2260,"Außervillgraten",\N,\N
2292,103,2261,2261,"Dölsach",\N,\N
2293,103,2262,2262,"Gaimberg",\N,\N
2294,103,2264,2264,"Hopfgarten in Defereggen",\N,\N
2295,103,2265,2265,"Innervillgraten",\N,\N
2296,103,2266,2266,"Iselsberg-Stronach",\N,\N
2297,103,2267,2267,"Kals am Großglockner",\N,\N
2298,103,2268,2268,"Kartitsch",\N,\N
2299,103,2269,2269,"Lavant",\N,\N
2300,103,2270,2270,"Leisach",\N,\N
2301,103,2271,2271,"Lienz",\N,\N
2302,103,2272,2272,"Matrei in Osttirol",\N,\N
2303,103,2273,2273,"Nikolsdorf",\N,\N
2304,103,2274,2274,"Nußdorf-Debant",\N,\N
2305,103,2275,2275,"Oberlienz",\N,\N
2306,103,2276,2276,"Obertilliach",\N,\N
2307,103,2277,2277,"Prägraten am Großvenediger",\N,\N
2308,103,2278,2278,"Sankt Jakob in Defereggen",\N,\N
2309,103,2279,2279,"Sankt Johann im Walde",\N,\N
2310,103,2280,2280,"Sankt Veit in Defereggen",\N,\N
2311,103,2281,2281,"Schlaiten",\N,\N
2312,103,2282,2282,"Sillian",\N,\N
2313,103,2283,2283,"Strassen",\N,\N
2314,103,2284,2284,"Thurn",\N,\N
2315,103,2285,2285,"Tristach",\N,\N
2316,103,2286,2286,"Untertilliach",\N,\N
2317,103,2287,2287,"Virgen",\N,\N
2318,103,2263,2263,"Heinfels",\N,\N
2319,104,2289,2289,"Bach",\N,\N
2320,104,2290,2290,"Berwang",\N,\N
2321,104,2291,2291,"Biberwier",\N,\N
2322,104,2292,2292,"Bichlbach",\N,\N
2323,104,2293,2293,"Breitenwang",\N,\N
2324,104,2294,2294,"Ehenbichl",\N,\N
2325,104,2295,2295,"Ehrwald",\N,\N
2326,104,2296,2296,"Elbigenalp",\N,\N
2327,104,2297,2297,"Elmen",\N,\N
2328,104,2298,2298,"Forchach",\N,\N
2329,104,2300,2300,"Grän",\N,\N
2330,104,2299,2299,"Gramais",\N,\N
2331,104,2304,2304,"Häselgehr",\N,\N
2332,104,2301,2301,"Heiterwang",\N,\N
2333,104,2302,2302,"Hinterhornbach",\N,\N
2334,104,2305,2305,"Höfen",\N,\N
2335,104,2303,2303,"Holzgau",\N,\N
2336,104,2306,2306,"Jungholz",\N,\N
2337,104,2307,2307,"Kaisers",\N,\N
2338,104,2308,2308,"Lechaschau",\N,\N
2339,104,2309,2309,"Lermoos",\N,\N
2340,104,2310,2310,"Musau",\N,\N
2341,104,2311,2311,"Namlos",\N,\N
2342,104,2312,2312,"Nesselwängle",\N,\N
2343,104,2313,2313,"Pfafflar",\N,\N
2344,104,2314,2314,"Pflach",\N,\N
2345,104,2315,2315,"Pinswang",\N,\N
2346,104,2316,2316,"Reutte",\N,\N
2347,104,2317,2317,"Schattwald",\N,\N
2348,104,2318,2318,"Stanzach",\N,\N
2349,104,2319,2319,"Steeg",\N,\N
2350,104,2320,2320,"Tannheim",\N,\N
2351,104,2321,2321,"Vils",\N,\N
2352,104,2322,2322,"Vorderhornbach",\N,\N
2353,104,2324,2324,"Wängle",\N,\N
2354,104,2323,2323,"Weißenbach am Lech",\N,\N
2355,104,2325,2325,"Zöblen",\N,\N
2356,105,2327,2327,"Achenkirch",\N,\N
2357,105,2328,2328,"Aschau im Zillertal",\N,\N
2358,105,2329,2329,"Brandberg",\N,\N
2359,105,2330,2330,"Bruck am Ziller",\N,\N
2360,105,2331,2331,"Buch bei Jenbach",\N,\N
2361,105,2332,2332,"Eben am Achensee",\N,\N
2362,105,2333,2333,"Finkenberg",\N,\N
2363,105,2334,2334,"Fügen",\N,\N
2364,105,2335,2335,"Fügenberg",\N,\N
2365,105,2336,2336,"Gallzein",\N,\N
2366,105,2337,2337,"Gerlos",\N,\N
2367,105,2338,2338,"Gerlosberg",\N,\N
2368,105,2339,2339,"Hainzenberg",\N,\N
2369,105,2340,2340,"Hart im Zillertal",\N,\N
2370,105,2341,2341,"Hippach",\N,\N
2371,105,2342,2342,"Jenbach",\N,\N
2372,105,2343,2343,"Kaltenbach",\N,\N
2373,105,2344,2344,"Mayrhofen",\N,\N
2374,105,2345,2345,"Pill",\N,\N
2375,105,2346,2346,"Ramsau im Zillertal",\N,\N
2376,105,2347,2347,"Ried im Zillertal",\N,\N
2377,105,2348,2348,"Rohrberg",\N,\N
2378,105,2349,2349,"Schlitters",\N,\N
2379,105,2350,2350,"Schwaz",\N,\N
2380,105,2351,2351,"Schwendau",\N,\N
2381,105,2352,2352,"Stans",\N,\N
2382,105,2353,2353,"Steinberg am Rofan",\N,\N
2383,105,2354,2354,"Strass im Zillertal",\N,\N
2384,105,2355,2355,"Stumm",\N,\N
2385,105,2356,2356,"Stummerberg",\N,\N
2386,105,2357,2357,"Terfens",\N,\N
2387,105,2358,2358,"Tux",\N,\N
2388,105,2359,2359,"Uderns",\N,\N
2389,105,2360,2360,"Vomp",\N,\N
2390,105,2361,2361,"Weer",\N,\N
2391,105,2362,2362,"Weerberg",\N,\N
2392,105,2363,2363,"Wiesing",\N,\N
2393,105,2364,2364,"Zell am Ziller",\N,\N
2394,105,2365,2365,"Zellberg",\N,\N
2395,106,2368,2368,"Bartholomäberg",\N,\N
2396,106,2369,2369,"Blons",\N,\N
2397,106,2370,2370,"Bludenz",\N,\N
2398,106,2371,2371,"Bludesch",\N,\N
2399,106,2372,2372,"Brand",\N,\N
2400,106,2373,2373,"Bürs",\N,\N
2401,106,2374,2374,"Bürserberg",\N,\N
2402,106,2375,2375,"Dalaas",\N,\N
2403,106,2376,2376,"Fontanella",\N,\N
2404,106,2377,2377,"Gaschurn",\N,\N
2405,106,2378,2378,"Innerbraz",\N,\N
2406,106,2379,2379,"Klösterle",\N,\N
2407,106,2380,2380,"Lech",\N,\N
2408,106,2381,2381,"Lorüns",\N,\N
2409,106,2382,2382,"Ludesch",\N,\N
2410,106,2383,2383,"Nenzing",\N,\N
2411,106,2384,2384,"Nüziders",\N,\N
2412,106,2385,2385,"Raggal",\N,\N
2413,106,2386,2386,"Sankt Anton im Montafon",\N,\N
2414,106,2387,2387,"Sankt Gallenkirch",\N,\N
2415,106,2388,2388,"Sankt Gerold",\N,\N
2416,106,2389,2389,"Schruns",\N,\N
2417,106,2390,2390,"Silbertal",\N,\N
2418,106,2391,2391,"Sonntag",\N,\N
2419,106,2392,2392,"Stallehr",\N,\N
2420,106,2393,2393,"Thüringen",\N,\N
2421,106,2394,2394,"Thüringerberg",\N,\N
2422,106,2395,2395,"Tschagguns",\N,\N
2423,106,2396,2396,"Vandans",\N,\N
2424,107,2398,2398,"Alberschwende",\N,\N
2425,107,2399,2399,"Andelsbuch",\N,\N
2426,107,2400,2400,"Au",\N,\N
2427,107,2401,2401,"Bezau",\N,\N
2428,107,2402,2402,"Bildstein",\N,\N
2429,107,2403,2403,"Bizau",\N,\N
2430,107,2404,2404,"Bregenz",\N,\N
2431,107,2405,2405,"Buch",\N,\N
2432,107,2406,2406,"Damüls",\N,\N
2433,107,2407,2407,"Doren",\N,\N
2434,107,2408,2408,"Egg",\N,\N
2435,107,2409,2409,"Eichenberg",\N,\N
2436,107,2410,2410,"Fußach",\N,\N
2437,107,2411,2411,"Gaißau",\N,\N
2438,107,2412,2412,"Hard",\N,\N
2439,107,2413,2413,"Hittisau",\N,\N
2440,107,2415,2415,"Höchst",\N,\N
2441,107,2416,2416,"Hörbranz",\N,\N
2442,107,2414,2414,"Hohenweiler",\N,\N
2443,107,2417,2417,"Kennelbach",\N,\N
2444,107,2418,2418,"Krumbach",\N,\N
2445,107,2419,2419,"Langen bei Bregenz",\N,\N
2446,107,2420,2420,"Langenegg",\N,\N
2447,107,2421,2421,"Lauterach",\N,\N
2448,107,2422,2422,"Lingenau",\N,\N
2449,107,2423,2423,"Lochau",\N,\N
2450,107,2424,2424,"Mellau",\N,\N
2451,107,2425,2425,"Mittelberg",\N,\N
2452,107,2426,2426,"Möggers",\N,\N
2453,107,2427,2427,"Reuthe",\N,\N
2454,107,2428,2428,"Riefensberg",\N,\N
2455,107,2429,2429,"Schnepfau",\N,\N
2456,107,2430,2430,"Schoppernau",\N,\N
2457,107,2431,2431,"Schröcken",\N,\N
2458,107,2432,2432,"Schwarzach",\N,\N
2459,107,2433,2433,"Schwarzenberg",\N,\N
2460,107,2434,2434,"Sibratsgfäll",\N,\N
2461,107,2435,2435,"Sulzberg",\N,\N
2462,107,2436,2436,"Warth",\N,\N
2463,107,2437,2437,"Wolfurt",\N,\N
2464,108,2439,2439,"Dornbirn",\N,\N
2465,108,2440,2440,"Hohenems",\N,\N
2466,108,2441,2441,"Lustenau",\N,\N
2467,109,2443,2443,"Altach",\N,\N
2468,109,2444,2444,"Düns",\N,\N
2469,109,2445,2445,"Dünserberg",\N,\N
2470,109,2446,2446,"Feldkirch",\N,\N
2471,109,2447,2447,"Frastanz",\N,\N
2472,109,2448,2448,"Fraxern",\N,\N
2473,109,2449,2449,"Göfis",\N,\N
2474,109,2450,2450,"Götzis",\N,\N
2475,109,2451,2451,"Klaus",\N,\N
2476,109,2452,2452,"Koblach",\N,\N
2477,109,2453,2453,"Laterns",\N,\N
2478,109,2455,2455,"Mäder",\N,\N
2479,109,2454,2454,"Meiningen",\N,\N
2480,109,2456,2456,"Rankweil",\N,\N
2481,109,2457,2457,"Röns",\N,\N
2482,109,2458,2458,"Röthis",\N,\N
2483,109,2459,2459,"Satteins",\N,\N
2484,109,2460,2460,"Schlins",\N,\N
2485,109,2461,2461,"Schnifis",\N,\N
2486,109,2462,2462,"Sulz",\N,\N
2487,109,2465,2465,"Übersaxen",\N,\N
2488,109,2463,2463,"Viktorsberg",\N,\N
2489,109,2464,2464,"Weiler",\N,\N
2490,109,2466,2466,"Zwischenwasser",\N,\N
2491,110,2469,2469,"Wien 1.,Innere Stadt",\N,\N
2492,111,2471,2471,"Wien 2.,Leopoldstadt",\N,\N
2493,112,2473,2473,"Wien 3.,Landstraße",\N,\N
2494,113,2475,2475,"Wien 4.,Wieden",\N,\N
2495,114,2477,2477,"Wien 5.,Margareten",\N,\N
2496,115,2479,2479,"Wien 6.,Mariahilf",\N,\N
2497,116,2481,2481,"Wien 7.,Neubau",\N,\N
2498,117,2483,2483,"Wien 8.,Josefstadt",\N,\N
2499,118,2485,2485,"Wien 9.,Alsergrund",\N,\N
2500,119,2487,2487,"Wien 10.,Favoriten",\N,\N
2501,120,2489,2489,"Wien 11.,Simmering",\N,\N
2502,121,2491,2491,"Wien 12.,Meidling",\N,\N
2503,122,2493,2493,"Wien 13.,Hietzing",\N,\N
2504,123,2495,2495,"Wien 14.,Penzing",\N,\N
2505,124,2497,2497,"Wien 15.,Rudolfsheim-Fünfhaus",\N,\N
2506,125,2499,2499,"Wien 16.,Ottakring",\N,\N
2507,126,2501,2501,"Wien 17.,Hernals",\N,\N
2508,127,2503,2503,"Wien 18.,Währing",\N,\N
2509,128,2505,2505,"Wien 19.,Döbling",\N,\N
2510,129,2507,2507,"Wien 20.,Brigittenau",\N,\N
2511,130,2509,2509,"Wien 21.,Floridsdorf",\N,\N
2512,131,2511,2511,"Wien 22.,Donaustadt",\N,\N
2513,132,2513,2513,"Wien 23.,Liesing",\N,\N
